engine_id,cycle,setting_1,setting_2,setting_3,sensor_1,sensor_2,sensor_3,sensor_4,sensor_5,sensor_6,sensor_7,sensor_8,sensor_9,sensor_10,sensor_11,sensor_12,sensor_13,sensor_14,sensor_15,sensor_16,sensor_17,sensor_18,sensor_19,sensor_20,sensor_21,sensor_2_lag_1,sensor_2_lag_3,sensor_2_diff_1,sensor_2_mean_5,sensor_2_std_5,sensor_2_min_5,sensor_2_max_5,sensor_2_range_5,sensor_2_dev_mean_5,sensor_2_mean_10,sensor_2_std_10,sensor_2_min_10,sensor_2_max_10,sensor_2_range_10,sensor_2_dev_mean_10,sensor_2_mean_20,sensor_2_std_20,sensor_2_min_20,sensor_2_max_20,sensor_2_range_20,sensor_2_dev_mean_20,sensor_2_ewm_10,sensor_3_lag_1,sensor_3_lag_3,sensor_3_diff_1,sensor_3_mean_5,sensor_3_std_5,sensor_3_min_5,sensor_3_max_5,sensor_3_range_5,sensor_3_dev_mean_5,sensor_3_mean_10,sensor_3_std_10,sensor_3_min_10,sensor_3_max_10,sensor_3_range_10,sensor_3_dev_mean_10,sensor_3_mean_20,sensor_3_std_20,sensor_3_min_20,sensor_3_max_20,sensor_3_range_20,sensor_3_dev_mean_20,sensor_3_ewm_10,sensor_4_lag_1,sensor_4_lag_3,sensor_4_diff_1,sensor_4_mean_5,sensor_4_std_5,sensor_4_min_5,sensor_4_max_5,sensor_4_range_5,sensor_4_dev_mean_5,sensor_4_mean_10,sensor_4_std_10,sensor_4_min_10,sensor_4_max_10,sensor_4_range_10,sensor_4_dev_mean_10,sensor_4_mean_20,sensor_4_std_20,sensor_4_min_20,sensor_4_max_20,sensor_4_range_20,sensor_4_dev_mean_20,sensor_4_ewm_10,sensor_7_lag_1,sensor_7_lag_3,sensor_7_diff_1,sensor_7_mean_5,sensor_7_std_5,sensor_7_min_5,sensor_7_max_5,sensor_7_range_5,sensor_7_dev_mean_5,sensor_7_mean_10,sensor_7_std_10,sensor_7_min_10,sensor_7_max_10,sensor_7_range_10,sensor_7_dev_mean_10,sensor_7_mean_20,sensor_7_std_20,sensor_7_min_20,sensor_7_max_20,sensor_7_range_20,sensor_7_dev_mean_20,sensor_7_ewm_10,sensor_11_lag_1,sensor_11_lag_3,sensor_11_diff_1,sensor_11_mean_5,sensor_11_std_5,sensor_11_min_5,sensor_11_max_5,sensor_11_range_5,sensor_11_dev_mean_5,sensor_11_mean_10,sensor_11_std_10,sensor_11_min_10,sensor_11_max_10,sensor_11_range_10,sensor_11_dev_mean_10,sensor_11_mean_20,sensor_11_std_20,sensor_11_min_20,sensor_11_max_20,sensor_11_range_20,sensor_11_dev_mean_20,sensor_11_ewm_10,sensor_12_lag_1,sensor_12_lag_3,sensor_12_diff_1,sensor_12_mean_5,sensor_12_std_5,sensor_12_min_5,sensor_12_max_5,sensor_12_range_5,sensor_12_dev_mean_5,sensor_12_mean_10,sensor_12_std_10,sensor_12_min_10,sensor_12_max_10,sensor_12_range_10,sensor_12_dev_mean_10,sensor_12_mean_20,sensor_12_std_20,sensor_12_min_20,sensor_12_max_20,sensor_12_range_20,sensor_12_dev_mean_20,sensor_12_ewm_10,sensor_15_lag_1,sensor_15_lag_3,sensor_15_diff_1,sensor_15_mean_5,sensor_15_std_5,sensor_15_min_5,sensor_15_max_5,sensor_15_range_5,sensor_15_dev_mean_5,sensor_15_mean_10,sensor_15_std_10,sensor_15_min_10,sensor_15_max_10,sensor_15_range_10,sensor_15_dev_mean_10,sensor_15_mean_20,sensor_15_std_20,sensor_15_min_20,sensor_15_max_20,sensor_15_range_20,sensor_15_dev_mean_20,sensor_15_ewm_10,sensor_17_lag_1,sensor_17_lag_3,sensor_17_diff_1,sensor_17_mean_5,sensor_17_std_5,sensor_17_min_5,sensor_17_max_5,sensor_17_range_5,sensor_17_dev_mean_5,sensor_17_mean_10,sensor_17_std_10,sensor_17_min_10,sensor_17_max_10,sensor_17_range_10,sensor_17_dev_mean_10,sensor_17_mean_20,sensor_17_std_20,sensor_17_min_20,sensor_17_max_20,sensor_17_range_20,sensor_17_dev_mean_20,sensor_17_ewm_10,sensor_20_lag_1,sensor_20_lag_3,sensor_20_diff_1,sensor_20_mean_5,sensor_20_std_5,sensor_20_min_5,sensor_20_max_5,sensor_20_range_5,sensor_20_dev_mean_5,sensor_20_mean_10,sensor_20_std_10,sensor_20_min_10,sensor_20_max_10,sensor_20_range_10,sensor_20_dev_mean_10,sensor_20_mean_20,sensor_20_std_20,sensor_20_min_20,sensor_20_max_20,sensor_20_range_20,sensor_20_dev_mean_20,sensor_20_ewm_10,sensor_21_lag_1,sensor_21_lag_3,sensor_21_diff_1,sensor_21_mean_5,sensor_21_std_5,sensor_21_min_5,sensor_21_max_5,sensor_21_range_5,sensor_21_dev_mean_5,sensor_21_mean_10,sensor_21_std_10,sensor_21_min_10,sensor_21_max_10,sensor_21_range_10,sensor_21_dev_mean_10,sensor_21_mean_20,sensor_21_std_20,sensor_21_min_20,sensor_21_max_20,sensor_21_range_20,sensor_21_dev_mean_20,sensor_21_ewm_10,cycle_sqrt,cycle_log1p,failure_within_30_cycles
5001000,63,0.0006098229762938,0.0003022993261713,100.0,496.6677,670.8838,1584.3415,1383.587,14.303,21.5358,554.9192,2347.9711,9215.7831,1.2943,47.2088,546.4903,2281.4657,8009.2717,8.5471,0.0287,401.5051,2469.8408,95.6095,40.2246,22.4125,646.7061,662.4945,24.17769999999996,657.09176,15.794402361850604,634.9139,670.8838,35.96989999999994,13.792039999999927,657.5150900000001,18.59389739059824,617.3221,673.5689,56.24680000000001,13.36870999999985,653.2193850000001,19.849154860207538,615.6669,673.5689,57.90199999999993,17.66441499999985,656.3132895203993,1632.6617,1602.7013,-48.32020000000011,1609.82834,29.610059356964737,1581.2712,1648.166,66.89480000000003,-25.48684000000003,1575.3825,47.39248035261865,1513.897,1648.166,134.269,8.95900000000006,1585.788095,44.818400236233806,1513.897,1659.239,145.3420000000001,-1.4465950000001158,1591.2921282335506,1419.8439,1338.3834,-36.25690000000009,1402.6028,42.90537107758169,1338.3834,1449.7929,111.40949999999998,-19.015800000000127,1391.70776,38.286903080679934,1338.3834,1449.7929,111.40949999999998,-8.120760000000018,1409.624725,37.029491365138966,1338.3834,1470.1847,131.80130000000008,-26.037725000000137,1396.7776002414992,573.9774,557.8611,-19.058199999999943,552.3048,15.543331906801477,534.7697,573.9774,39.207700000000045,2.614400000000046,551.52914,14.029624864011591,527.6936,573.9774,46.28380000000004,3.3900600000000622,551.211365,15.57294156786296,527.4771,581.1812,53.70410000000004,3.7078350000000455,552.2635677341091,46.5031,47.1092,0.7056999999999931,47.16152,0.9659890511801714,46.2535,48.733,2.4794999999999945,0.0472799999999935,47.266020000000005,0.843237771660833,46.0932,48.733,2.639799999999994,-0.057220000000008,47.251835,1.1772306272617796,45.5694,49.4603,3.890899999999995,-0.0430350000000032,47.10917334040127,535.4933,515.3799,10.997000000000073,531.54386,11.511179314388126,515.3799,546.4903,31.110400000000027,14.946440000000052,526.61533,11.71165950685706,504.9199,546.4903,41.57040000000006,19.87497000000008,522.661545,13.56795524207776,496.0535,546.4903,50.43680000000006,23.828755,529.8571458229269,8.3988,8.0426,0.1483000000000007,8.511000000000001,0.3089786966766443,8.0426,8.7963,0.7537000000000003,0.0360999999999993,8.469899999999999,0.2615913734561378,8.0426,8.7963,0.7537000000000003,0.0772000000000012,8.44598,0.2341809997236702,8.0426,8.7963,0.7537000000000003,0.1011199999999998,8.475754748109038,402.1272,378.9834,-0.622099999999989,395.68686,13.18849120532742,378.9834,410.7843,31.80089999999996,5.818240000000003,394.67501,14.6921547485913,372.5158,410.7843,38.26849999999996,6.830090000000041,394.432745,13.37424165218452,372.5158,411.4558,38.94,7.072355000000073,396.0039959393961,39.5187,39.7657,0.7058999999999997,39.826980000000006,0.2679218113554486,39.5187,40.2246,0.7058999999999997,0.3976199999999963,39.48132,0.9411956058356994,37.6185,40.3757,2.7572000000000045,0.7432799999999986,39.13116,1.1362710802398612,37.1775,40.7797,3.6021999999999963,1.093440000000001,39.5162907543378,24.093,23.4049,-1.6804999999999986,23.1426,0.7115967186546085,22.4125,24.093,1.6804999999999986,-0.7301000000000002,23.28745,0.7568531535979164,22.4125,24.3944,1.9819,-0.8749499999999983,23.21627,0.7334080713031711,22.3159,24.5483,2.232400000000002,-0.8037700000000001,23.17882097733357,7.937253933193772,4.158883083359672,0
5001001,98,0.0019438834759301,0.0003534867447261,100.0,524.3631,649.225,1612.6714,1409.8345,13.9705,21.9292,527.8761,2299.8954,9337.9505,1.3261,46.538,545.8411,2459.9857,8434.9061,8.6028,0.0304,411.6308,2368.2409,104.6367,38.8703,23.1131,644.414,659.9261,4.811000000000036,655.37762,9.984042837298128,644.414,670.0581,25.64409999999998,-6.152619999999956,651.31558,15.772671414950702,618.196,672.3502,54.154199999999946,-2.090579999999932,647.9353349999999,18.343574046092947,610.3269,672.3502,62.02329999999995,1.2896650000001273,652.0795240184234,1575.1931,1653.4954,37.47829999999999,1599.4052399999998,35.24041620885017,1564.6257,1653.4954,88.86969999999997,13.266160000000127,1595.47968,43.19075801950618,1542.1993,1669.9975,127.79819999999997,17.191720000000032,1598.033145,41.969895343115766,1534.2472,1669.9975,135.75029999999992,14.638255000000072,1597.949628596522,1439.7839,1483.5016,-29.94939999999997,1422.29428,50.62267105726353,1345.3039,1483.5016,138.19769999999994,-12.459780000000135,1413.61051,45.29472113373947,1336.5753,1483.5016,146.92630000000008,-3.776010000000042,1407.585855,47.40711109239637,1333.5845,1483.5016,149.91710000000012,2.2486449999998968,1412.462384854958,533.0176,567.5893,-5.141500000000065,542.92644,18.00350998786119,527.8761,567.5893,39.71320000000003,-15.050340000000006,542.5557999999999,14.50146386173893,527.8761,567.5893,39.71320000000003,-14.679699999999912,547.87448,17.870581187456352,526.0571,585.4557,59.39859999999999,-19.99838,541.9810839271385,47.7823,48.5132,-1.2443000000000026,47.24642,1.1342945062901393,45.6615,48.5132,2.851700000000001,-0.7084200000000038,47.67705,1.0761770158502864,45.6615,49.1231,3.461600000000004,-1.1390499999999977,47.432275,1.417287019133839,44.6724,49.6159,4.9435,-0.8942750000000004,47.47491697452264,506.5988,518.4656,39.2423,526.01678,14.878897978916651,506.5988,545.8411,39.2423,19.824319999999943,530.07382,14.97659164198199,506.5988,550.1644,43.56560000000002,15.767280000000028,523.3347449999999,16.02457037829486,493.7192,550.1644,56.4452,22.5063550000001,526.7714187852681,8.5491,8.7228,0.0537000000000009,8.56174,0.1135920683850825,8.4128,8.7228,0.3099999999999987,0.0410599999999998,8.470310000000001,0.168236701307027,8.2039,8.7228,0.5188999999999986,0.1324899999999989,8.403805,0.2210167497224901,7.9069,8.7228,0.8158999999999992,0.198995,8.502371673554618,379.3921,404.7721,32.238699999999994,389.98716,16.866504129279505,375.4998,411.6308,36.13100000000003,21.643640000000005,387.65698,15.438742703831403,371.6348,411.6308,39.99600000000004,23.97381999999999,390.023275,12.07152412545506,371.6348,411.6308,39.99600000000004,21.60752500000001,390.2660046494861,40.2362,38.9941,-1.3658999999999963,38.771,1.134065026795215,37.0586,40.2362,3.177599999999998,0.0992999999999995,38.75911000000001,1.1284668472952344,37.0586,40.6035,3.5448999999999984,0.1111899999999934,38.98533,1.0917666191231352,37.0586,40.8253,3.7667,-0.1150299999999973,39.01338836819684,24.3443,24.5847,-1.2312000000000012,23.86432,0.7163114071407928,23.075,24.5847,1.5097000000000025,-0.75122,23.51692,0.7172054963537289,22.5149,24.5847,2.0698000000000008,-0.4038200000000032,23.58179,0.6023398305555467,22.5149,24.5847,2.0698000000000008,-0.4686900000000022,23.558016518276816,9.899494936611664,4.59511985013459,0
5001002,109,0.0008839929315987,0.0003935027422759,100.0,491.0674,633.2367,1479.8173,1366.9831,14.3218,21.8369,561.9531,2398.8018,8884.6927,1.3241,50.01,513.85,2336.911,8077.994,8.5758,0.0299,405.6108,2388.9121,98.5755,38.9465,22.7831,641.5916,611.826,-8.35489999999993,642.45684,21.561022672011347,611.826,664.6312,52.80520000000001,-9.220140000000017,642.02236,22.15539856805414,611.786,670.3857,58.5997000000001,-8.785660000000007,649.4098200000001,22.67146551482956,607.8269,681.4675,73.64059999999995,-16.17312000000004,643.5033661502932,1632.7233,1571.7816,-152.90600000000018,1556.4837,55.73383992822366,1479.8173,1632.7233,152.90600000000018,-76.66640000000007,1584.10373,59.86036108192047,1479.8173,1686.8264,207.0091,-104.28643000000012,1603.112815,59.97488527492382,1479.8173,1699.6171,219.7998,-123.29551500000002,1576.4621785691104,1366.4449,1370.0264,0.5381999999999607,1383.34892,22.69890376234101,1366.4449,1417.7009,51.256000000000085,-16.365819999999985,1389.4418,30.38917527808638,1349.1671,1451.6958,102.52870000000009,-22.45870000000013,1397.685985,46.15330633380909,1321.4909,1491.6427,170.1518000000001,-30.70288500000015,1388.6169722790903,555.8623,533.7878,6.090799999999945,564.89324,22.34188254115988,533.7878,588.7868,54.99900000000002,-2.940140000000042,561.0052400000001,21.011940089133496,532.8121,588.7868,55.974699999999984,0.9478599999998778,558.1543949999999,17.07869692796676,532.8121,588.7868,55.974699999999984,3.798705000000041,561.8703158463184,47.4917,46.1592,2.5182999999999964,47.43516,1.547990918255023,46.1592,50.01,3.8508,2.5748399999999947,46.77407,1.4457913788725598,45.1205,50.01,4.889499999999998,3.235929999999996,46.73207,1.4657181584824497,44.2471,50.01,5.762899999999995,3.277929999999998,47.25772446734961,495.6365,543.459,18.21350000000001,520.39432,19.348453940741624,495.6365,543.459,47.822499999999934,-6.544319999999971,523.73374,14.243037587240782,495.6365,543.459,47.822499999999934,-9.883739999999989,525.82439,16.546951849936132,495.6365,554.9198,59.2833,-11.974389999999971,520.9827641124525,8.3197,8.5134,0.2561,8.5501,0.1974192873049621,8.3197,8.8601,0.5404,0.0256999999999987,8.436440000000001,0.2916018907117454,7.9814,8.8601,0.8786999999999994,0.1393599999999981,8.438234999999999,0.3187168042982755,7.9174,8.9914,1.0740000000000007,0.1375650000000003,8.496431941990156,373.1841,374.9193,32.42669999999998,390.94598,19.39068144772123,373.1841,416.844,43.65989999999999,14.66482000000002,391.52708,14.93200456311515,373.1841,416.844,43.65989999999999,14.083719999999971,388.822135,13.009726541778988,367.1201,416.844,49.723900000000015,16.78866499999998,389.7287657144175,40.5913,39.8092,-1.6447999999999965,39.3959,0.8633475980160089,38.3124,40.5913,2.2789,-0.4493999999999971,39.58557,1.050400244404207,38.3064,41.5391,3.232700000000001,-0.6390699999999967,39.167695,1.019482894451363,37.3717,41.5391,4.167400000000001,-0.2211950000000015,39.322518179497614,22.2051,23.5598,0.5779999999999994,23.03528,0.6028613165563091,22.2051,23.6818,1.4766999999999977,-0.2521799999999992,22.85237,0.531698214424518,22.1858,23.6818,1.4959999999999989,-0.0692699999999995,23.230600000000003,0.6200151279987974,22.1858,24.5681,2.3823000000000008,-0.4475000000000015,22.963028871080763,10.44030650891055,4.700480365792417,1
5001003,95,0.0005569238224772,0.000371912457698,100.0,509.3749,672.7674,1576.965,1469.2828,14.1374,21.8546,560.4557,2232.0437,9083.0816,1.2981,49.3343,523.8553,2530.8945,8408.2873,8.7822,0.0301,408.0835,2516.6699,102.9428,38.6317,23.4332,680.4213,637.407,-7.653900000000021,663.69252,16.47124613946955,637.407,680.4213,43.014299999999935,9.074880000000007,646.64181,24.12739401337321,610.9735,680.4213,69.44780000000003,26.12558999999999,647.106,24.727848417437887,600.2914,689.4432,89.1518000000001,25.66139999999996,654.3751232345896,1581.1634,1651.8447,-4.198399999999992,1591.84318,52.08528080947616,1518.3954,1651.8447,133.4493,-14.878180000000157,1594.86646,61.07492652807154,1518.3954,1703.826,185.4305999999999,-17.901460000000043,1595.5964950000002,62.92056708640855,1513.9753,1712.4861,198.5108,-18.63149500000032,1586.8862753382734,1461.1575,1378.8902,8.125299999999925,1455.2012,46.85979580104021,1378.8902,1507.2427,128.35249999999996,14.08159999999998,1419.62981,59.54696931419325,1333.6136,1507.2427,173.6291000000001,49.652990000000045,1394.6635849999998,57.080369583239566,1285.916,1507.2427,221.32670000000007,74.61921500000017,1432.3856138769306,559.636,518.2975,0.8197000000000116,551.32782,19.04375914721146,518.2975,565.6718,47.37429999999995,9.127880000000005,558.72517,23.050341460524685,518.2975,586.7187,68.4212,1.7305299999999306,552.4568449999999,22.468529860568125,506.7882,586.8886,80.10039999999998,7.998855000000049,555.3066485170582,48.2704,49.0259,1.0638999999999967,48.27792,1.023900875085071,46.7073,49.3343,2.6270000000000024,1.0563800000000043,47.75519,1.5924644328489672,44.0745,49.3343,5.259799999999999,1.57911,47.420855,1.4856992234652555,44.0745,49.8113,5.736800000000002,1.913444999999996,47.95623578925348,515.1091,516.3215,8.746200000000044,517.8255200000001,19.585930776248208,489.6555,544.1862,54.53069999999997,6.02977999999996,523.74923,18.58256587635292,489.6555,547.5417,57.88619999999997,0.1060700000000451,526.030055,19.2215186703389,484.2693,560.206,75.93670000000003,-2.174754999999891,521.6432948392658,8.7548,7.9125,0.0274,8.39062,0.409604537328388,7.9125,8.7822,0.8696999999999999,0.3915799999999994,8.40535,0.4292424159687232,7.9125,9.0519,1.1394000000000002,0.3768499999999992,8.37479,0.3488401743824215,7.9125,9.0519,1.1394000000000002,0.4074099999999987,8.43535744705262,401.447,396.9501,6.636500000000012,392.3737,13.978307977183713,377.1859,408.0835,30.89760000000001,15.70980000000003,394.11248,12.327081407102488,377.1859,408.9749,31.788999999999987,13.97102000000001,396.4544,12.77657258294921,372.524,422.9976,50.473599999999976,11.62910000000005,395.8002348186422,37.5977,38.3678,1.033999999999999,38.32384,1.229802546346351,36.8746,40.1474,3.2727999999999966,0.307859999999998,38.96771,1.3091693417753163,36.8746,41.4387,4.564099999999996,-0.3360099999999946,38.900655,1.201235377029135,36.8746,41.4387,4.564099999999996,-0.2689549999999983,38.72005870431524,21.6547,22.1018,1.778500000000001,23.088100000000004,1.3742441413373463,21.6547,25.1874,3.532700000000002,0.3450999999999951,23.4201,1.1905414641152872,21.6547,25.1874,3.532700000000002,0.0131000000000014,23.49973,0.9701448855983448,21.6547,25.1874,3.532700000000002,-0.0665300000000002,23.29884044845513,9.746794344808963,4.564348191467836,0
5001004,77,0.0016695138086628,0.0003715851674143,100.0,503.9964,627.3235,1645.7725,1460.9073,15.1839,21.4481,589.2472,2268.4609,9314.6695,1.1936,46.502,530.4802,2478.6056,7889.2525,7.8403,0.0304,371.9184,2329.4816,105.4561,37.1055,23.7054,667.3671,667.9476,-40.04360000000008,652.5531,21.410807004992144,627.3235,669.1466,41.82310000000007,-25.229600000000005,638.9979,23.22831738647156,607.4206,669.1466,61.726,-11.674399999999991,638.535935,24.644337824768915,592.3159,674.9057,82.58979999999997,-11.212435000000028,642.0266945108125,1586.4814,1649.3526,59.29110000000014,1648.88884,39.01208643488775,1586.4814,1687.1961,100.7147,-3.1163400000000365,1643.61163,64.76066598152845,1494.6722,1706.8052,212.13300000000004,2.160869999999932,1619.98123,65.05046151573941,1494.6722,1734.694,240.0218,25.791270000000168,1632.2334058809306,1358.5275,1434.433,102.37980000000016,1414.5374,56.39184732095614,1350.3145,1468.5047,118.1902,46.36990000000014,1407.1569100000002,46.11564944476111,1350.3145,1468.5047,118.1902,53.750389999999925,1413.522725,53.15694370474439,1299.6225,1513.8546,214.23209999999995,47.38457500000004,1411.7595262756438,515.4531,528.3769,73.79410000000007,549.69498,32.38059944591806,515.4531,589.2472,73.79410000000007,39.552220000000034,562.7989299999999,28.5807625047202,515.4531,604.544,89.09090000000003,26.448270000000093,555.03113,26.340508711930056,515.4418,604.544,89.10220000000004,34.21607000000006,555.4318070843537,51.649,50.0097,-5.146999999999999,48.93823999999999,1.9632793721220752,46.502,51.649,5.146999999999999,-2.436239999999991,48.1784,1.7895232288703695,45.2662,51.649,6.382800000000003,-1.676400000000001,47.62261,1.95786505741653,44.5292,51.649,7.119799999999998,-1.120609999999992,48.302020683754414,529.6188,511.9472,0.8614000000000033,530.41476,11.866334129503132,511.9472,544.3305,32.38330000000002,0.0654399999999668,530.7391,12.6478650736881,511.8226,544.837,33.014399999999966,-0.2589000000000396,523.77565,20.28911051240877,478.0377,549.7283,71.69060000000002,6.704549999999927,528.7515483881177,8.4453,8.239,-0.6049999999999995,8.27576,0.2582723523724515,7.8403,8.4525,0.6122000000000005,-0.4354599999999999,8.37924,0.3591814001618388,7.7713,8.9509,1.1796000000000006,-0.5389399999999993,8.43792,0.3623906072327572,7.7713,9.0741,1.3027999999999995,-0.59762,8.345090550837444,400.4609,417.2724,-28.54249999999996,392.15758000000005,17.317685288946677,371.9184,417.2724,45.35399999999999,-20.23918000000004,397.69602,17.8525695843483,370.5418,417.2724,46.73059999999998,-25.77761999999996,395.38945,18.72092336652394,354.1139,417.2724,63.1585,-23.47104999999999,391.79998736782943,40.989,36.6922,-3.883499999999998,38.99218,1.9551751819210297,36.6922,40.989,4.2967999999999975,-1.8866799999999984,39.40021,1.9326193942994112,36.6922,41.3494,4.657200000000003,-2.294710000000002,39.169895,1.5885213642600349,36.6922,41.3494,4.657200000000003,-2.064394999999997,39.05265177297844,22.905,23.3699,0.8003999999999998,23.70396,0.7191432214795412,22.905,24.8522,1.9471999999999987,0.0014399999999987,23.19056,0.964324409683332,21.8294,24.8522,3.0228,0.5148399999999995,23.31306,0.9717463300135122,21.1307,24.8522,3.721499999999999,0.3923400000000008,23.34894741956107,8.774964387392123,4.356708826689592,0
5001005,117,0.0018359075603828,0.0003229478969647,100.0,536.8063,635.61,1419.0587,1357.1947,15.1499,21.1924,609.1835,2421.4969,8691.8911,1.3163,46.6309,495.23,2402.4531,8140.31,8.2292,0.0296,381.821,2415.0735,101.8024,36.5676,23.7904,682.4829,695.1711,-46.87289999999996,649.35206,48.271561609533634,573.1095,695.1711,122.0616,-13.742060000000038,654.37688,44.1481360578173,573.1095,697.4948,124.38530000000004,-18.76688000000001,645.273695,39.93972092887336,573.1095,697.4948,124.38530000000004,-9.663694999999962,653.2457828806054,1715.5423,1641.265,-296.4836,1596.0485600000002,109.66633842781036,1419.0587,1715.5423,296.4836,-176.98986000000014,1579.82353,88.82369627969118,1419.0587,1715.5423,296.4836,-160.76483000000007,1611.853825,77.90666967566716,1419.0587,1759.0415,339.9828,-192.79512499999987,1583.3488047396888,1401.2507,1323.318,-44.05600000000004,1366.40338,28.84564450097677,1323.318,1401.2507,77.93270000000007,-9.208679999999958,1381.58804,56.27418309914397,1301.4838,1487.6647,186.1809000000001,-24.39334000000008,1397.961715,51.99639488265428,1301.4838,1500.1046,198.62079999999992,-40.7670149999999,1384.4254895945962,577.8803,594.915,31.303199999999947,575.9745,32.67159364318011,523.0284,609.1835,86.15509999999995,33.208999999999946,564.35196,30.713808732345708,522.7993,609.1835,86.38419999999996,44.83154000000002,560.5337350000001,27.43293413545627,512.7686,609.1835,96.4149,48.64976499999989,570.8728229267854,48.5155,47.327,-1.884600000000006,47.37808,1.8801348121876704,44.7359,49.6811,4.9452,-0.7471800000000002,48.08428,2.4005573694456865,44.3104,51.9626,7.652200000000001,-1.4533800000000028,47.16344,2.181456538139017,44.3104,51.9626,7.652200000000001,-0.5325400000000045,47.69215323043261,521.5793,512.7389,-26.34929999999997,512.639,15.608882296948044,495.23,533.5045,38.27449999999999,-17.408999999999992,514.32481,13.54441324125509,495.23,533.5045,38.27449999999999,-19.09480999999994,517.857125,18.41014155172672,487.9225,551.5146,63.59209999999996,-22.62712499999997,512.2697458580501,9.0074,8.3458,-0.7782,8.506240000000002,0.5434366504018684,7.8319,9.1169,1.2849999999999993,-0.2770400000000013,8.51854,0.4240255788930204,7.8319,9.1169,1.2849999999999993,-0.2893399999999992,8.376475000000001,0.4162004702632699,7.5101,9.1169,1.606799999999999,-0.1472750000000005,8.500464374691541,412.4544,361.2592,-30.633399999999995,386.41044,18.619883966018524,361.2592,412.4544,51.1952,-4.589439999999968,386.25106,19.390403053755943,354.5241,412.4544,57.930300000000045,-4.430059999999969,387.094475,16.75982182592357,354.5241,412.4544,57.930300000000045,-5.273474999999962,387.67224570633664,39.6511,37.1448,-3.083500000000001,37.91814000000001,1.3733351149665105,36.5676,39.6511,3.083500000000001,-1.3505400000000094,38.06199,1.3037877003817344,36.5676,40.4191,3.8515000000000015,-1.4943900000000028,38.561335,1.735034182061286,35.2112,42.0298,6.818600000000004,-1.993735000000001,38.14143488033319,22.7617,23.1784,1.0287000000000006,23.2171,0.7206856422879506,22.3009,24.0541,1.7531999999999996,0.5733000000000033,23.31242,0.7067906397544187,22.3009,24.6718,2.3709000000000024,0.4779800000000023,23.67392,0.9384923971876056,22.0734,25.6761,3.6027000000000022,0.1164800000000028,23.477145851039182,10.816653826391969,4.770684624465665,1
5001006,76,0.0018129023506507,0.0002441152730983,100.0,503.4601,639.9297,1710.821,1324.574,15.1379,19.4381,516.6475,2198.476,9264.8019,1.2497,46.9454,486.1744,2292.0287,8296.4861,8.6795,0.0313,417.8723,2216.5527,92.6528,39.2434,25.0574,622.8701,637.6583,17.059600000000046,637.1081,20.74564767547684,615.6014,669.481,53.87959999999998,2.821599999999989,641.20198,33.608434106694446,582.9114,693.2487,110.33730000000004,-1.2722800000000234,653.4149199999999,38.79875420960681,582.9114,719.9547,137.04330000000004,-13.485219999999911,643.1390022481647,1459.569,1448.306,251.25199999999995,1536.1138999999998,105.15530215485974,1448.306,1710.821,262.5149999999999,174.70710000000008,1563.04786,94.51714414290971,1448.306,1710.821,262.5149999999999,147.77314,1562.00401,76.64645412840584,1448.306,1710.821,262.5149999999999,148.8169899999998,1560.818293497582,1489.7981,1294.7876,-165.2240999999999,1378.36466,86.41385429083691,1294.7876,1489.7981,195.0104999999999,-53.79065999999989,1367.3964099999998,71.69419369938893,1269.6142,1489.7981,220.1839,-42.82240999999976,1363.21262,71.59448249920557,1268.3611,1492.9933,224.6322,-38.638619999999946,1372.2266989967036,529.2674,532.2489,-12.619899999999916,518.80154,13.604267782318828,497.71,532.2489,34.53890000000007,-2.154040000000009,543.42994,31.24031441750973,497.71,599.4263,101.7163,-26.78243999999995,547.42057,34.88701958848695,492.504,613.8,121.29599999999994,-30.77306999999996,531.7479434223509,49.5552,46.5797,-2.6098,47.71956,2.3949612445716366,44.7862,50.7313,5.9450999999999965,-0.774160000000002,47.73508,2.5455720242544,44.6834,51.5685,6.885100000000001,-0.789679999999997,47.223785,2.36854068224453,44.4093,51.5685,7.159199999999999,-0.2783850000000001,47.64363763036288,497.9104,506.5322,-11.73599999999999,506.56518000000005,22.070086213289496,486.1744,543.8518,57.677400000000034,-20.390780000000063,516.05339,24.80178364506351,486.1744,562.6514,76.47699999999998,-29.878990000000044,520.4062150000001,23.84041357185593,486.1744,562.6514,76.47699999999998,-34.2318150000001,513.1061960143533,8.541,8.5295,0.1385000000000005,8.55068,0.0913313856240314,8.4261,8.6795,0.2534000000000009,0.128820000000001,8.60587,0.3991655686832513,7.6476,9.1264,1.4788000000000006,0.0736300000000014,8.5877,0.4575725849811323,7.6476,9.3294,1.6818,0.0918000000000009,8.57330124543174,415.4421,400.0265,2.430200000000013,394.24588,24.10132467940308,367.8842,417.8723,49.98809999999997,23.62642,394.54665000000006,22.072992778015728,360.4972,423.9407,63.44349999999997,23.32564999999994,393.33696,26.459763452525017,351.8755,433.3858,81.51030000000003,24.53534000000002,396.9552273176994,37.2479,39.1812,1.9955,38.6717,1.046010537709841,37.2479,39.7661,2.5182,0.5716999999999999,39.29247,1.6403205107200534,36.4087,41.3365,4.927799999999998,-0.0490700000000003,39.204235,2.1141005822496752,34.9169,42.9768,8.059899999999999,0.039164999999997,38.961695294994165,22.756,23.6781,2.301400000000001,24.2836,1.1220234734621028,22.756,25.6008,2.8448,0.7738000000000014,24.03925,1.1529295702205329,22.3973,25.6989,3.301599999999997,1.018150000000002,23.671415,1.0378826438450257,21.7158,25.6989,3.9830999999999968,1.3859850000000016,24.031634349328847,8.717797887081348,4.343805421853684,0
5001007,149,0.0006937976113877,0.000226116062415,100.0,515.69,652.6467,1521.2059,1467.9358,13.1595,22.6112,538.3662,2646.1401,8964.9496,1.2504,45.3074,507.5005,2508.851,8155.262,9.0601,0.0323,398.2104,2371.3513,94.8619,41.6619,22.1875,640.9652,603.3929,11.681500000000028,642.54954,23.706996865967728,603.3929,666.2637,62.87079999999992,10.09716000000003,643.16532,20.150373833852186,603.3929,666.2637,62.87079999999992,9.481380000000058,640.468935,32.68947358113704,582.3925,692.6898,110.29729999999996,12.177765000000022,643.6772593893585,1473.8871,1583.7664,47.31880000000001,1568.81448,116.58367363240504,1473.8871,1764.3768,290.4897000000001,-47.60858000000008,1588.08327,99.70089124554312,1473.8871,1764.3768,290.4897000000001,-66.87736999999993,1584.4523049999998,106.25951736828335,1423.7293,1799.7659,376.0366000000001,-63.24640499999987,1564.1543269709186,1477.0099,1299.2229,-9.074100000000044,1365.05218,99.31237103974952,1269.3751,1477.0099,207.63480000000004,102.88361999999984,1361.4303800000002,78.19942911313015,1269.3751,1477.0099,207.63480000000004,106.50541999999972,1383.65946,91.88773080688892,1231.8349,1562.929,331.0941,84.27633999999989,1379.8472298307297,523.4587,506.4223,14.907500000000027,529.7717,20.850127401651463,506.4223,561.0188,54.59650000000005,8.594500000000039,550.43737,29.98269187640871,506.4223,587.3593,80.93699999999995,-12.071169999999938,553.970875,30.43292183649441,506.4223,615.9303,109.50799999999998,-15.60467499999993,545.4700837846045,48.5508,45.3744,-3.243400000000001,47.72034,2.8684550646645897,45.3074,52.2517,6.944299999999998,-2.412939999999999,46.98826,2.774634273076978,42.718,52.2517,9.533699999999996,-1.680860000000003,46.75468,2.6287190073454147,42.718,52.2517,9.533699999999996,-1.4472799999999992,47.0078653006161,522.743,566.2985,-15.242500000000064,538.51152,26.099138143088087,507.5005,566.2985,58.798,-31.01102000000003,524.2501,37.09610135867816,479.745,584.5439,104.7989,-16.749599999999987,516.963875,35.48198004894254,455.3051,584.5439,129.23880000000003,-9.463375000000042,525.3487387207782,8.1484,7.9979,0.9116999999999996,8.31784,0.5724689843126821,7.6451,9.0601,1.415,0.7422599999999999,8.59486,0.5512220730139353,7.6451,9.3455,1.7003999999999992,0.4652399999999996,8.639245,0.509732729218798,7.6451,9.4857,1.8406,0.4208549999999995,8.53400714645878,359.162,381.8273,39.048400000000015,376.49858,14.860373596985236,359.162,398.2104,39.048400000000015,21.71182000000005,383.38081,16.37388117008649,359.162,405.7727,46.61070000000001,14.829589999999996,382.3785,19.978699833335856,352.8526,432.8556,80.00299999999999,15.831899999999962,380.456272091267,39.2826,36.7229,2.3793000000000006,39.55022,1.8194555660966245,36.7229,41.6619,4.939,2.11168,39.82062,1.8661051225599627,36.7229,42.8447,6.1218,1.8412800000000047,39.92194,2.449529908370166,34.7356,43.4316,8.696000000000005,1.7399600000000035,39.8559621863438,21.8478,23.6126,0.3397000000000005,22.12076,0.960125561059597,20.9505,23.6126,2.662099999999999,0.0667399999999993,23.11647,1.6225170295630835,20.9505,26.1626,5.2121,-0.9289699999999996,23.426025,1.5254139655136951,20.8195,26.2501,5.430599999999998,-1.2385249999999992,22.801037905361465,12.206555615733702,5.010635294096256,0
5001008,100,0.001591269322812,0.0003118586677557,100.0,499.084,585.6063,1456.6775,1364.8057,15.0972,20.0225,597.6049,2439.5217,9773.8353,1.1995,45.9214,511.8277,2521.8147,7568.3323,9.2853,0.0298,409.0364,2687.8439,103.0665,36.2025,20.3875,598.5002,680.7375,-12.893899999999917,646.90824,50.81624813505034,585.6063,694.9614,109.3551,-61.301939999999945,655.19651,46.37624081467767,585.6063,734.8288,149.22249999999997,-69.59020999999996,644.06232,43.83889381975306,566.1129,734.8288,168.71590000000003,-58.45601999999997,640.5463934393808,1556.7311,1576.7648,-100.05359999999996,1494.9427,79.14704392310117,1380.9051,1576.7648,195.8597,-38.26520000000005,1539.21834,85.12309640470606,1380.9051,1682.5624,301.6573000000001,-82.54083999999989,1560.77765,98.48909806865646,1380.9051,1814.6406,433.7355,-104.10015,1526.5260748798055,1453.312,1381.4157,-88.50630000000001,1398.50116,56.462650069652994,1332.0173,1460.9551,128.93779999999992,-33.69546000000014,1410.70086,78.65382455145838,1293.606,1513.3255,219.71949999999995,-45.89516000000026,1403.11662,85.65207733702053,1223.0399,1558.3304,335.29050000000007,-38.31092000000013,1399.1453498365718,590.2116,582.1214,7.3933000000000675,555.18208,49.409423484968926,486.1954,597.6049,111.40950000000004,42.42282,559.3857,43.325409970722006,486.1954,597.6049,111.40950000000004,38.2192,562.3745799999999,36.650387359590006,486.1954,600.3242,114.1288,35.23032000000012,564.8566111380763,44.777,49.8369,1.1443999999999974,45.92018,2.2742735163123724,44.2229,49.8369,5.613999999999997,0.0012199999999964,46.85092,3.176945987999599,43.9642,52.797,8.832799999999999,-0.9295200000000036,47.36485,3.061780506674613,42.3826,52.797,10.4144,-1.4434500000000057,46.35541780507096,563.6984,511.6412,-51.8707,525.2063800000001,34.636199370484974,481.4366,563.6984,82.2618,-13.378680000000088,528.0615399999999,26.612985163896685,481.4366,563.6984,82.2618,-16.23383999999993,519.661365,30.85704647929792,460.2528,580.1684,119.91560000000004,-7.833665000000053,527.8019720133087,7.5456,7.6866,1.7396999999999991,8.43282,0.7844777893605368,7.5456,9.2853,1.7396999999999991,0.8524799999999999,8.494299999999999,0.655845594972204,7.5456,9.2853,1.7396999999999991,0.7910000000000004,8.489605000000001,0.5610170224221088,7.5456,9.2853,1.7396999999999991,0.7956949999999985,8.465838467466044,372.4738,368.6385,36.56260000000003,393.30826,21.22320697298108,368.6385,414.042,45.40349999999995,15.728140000000051,398.5551400000001,28.42101372322952,359.3637,442.7388,83.37510000000003,10.481259999999963,400.08699,27.85763780675828,359.3637,442.7388,83.37510000000003,8.94941,398.2918561107657,41.6376,43.3149,-5.435099999999999,39.76106,3.511973706194281,35.7617,43.3149,7.553200000000004,-3.55856,39.83981,3.178833422097561,35.1382,43.3775,8.2393,-3.63731,38.97532,2.9778799937998968,34.1478,43.3775,9.2297,-2.772819999999996,39.50731316060322,23.7514,24.734,-3.363900000000001,23.59982,1.845404751538249,20.3875,24.8257,4.438200000000002,-3.212320000000002,23.65383,1.5359847337566033,20.3875,25.2859,4.898400000000002,-3.26633,22.96667,1.5729163928997127,19.996,25.2859,5.289900000000003,-2.5791700000000013,23.21990579234985,10.0,4.61512051684126,1
5001009,64,0.0012286767826367,0.0002918912427213,100.0,521.8933,600.3939,1695.78,1513.9819,15.0379,21.5912,537.4993,2549.7304,7939.6508,1.4735,45.2485,573.877,2386.5917,8681.8769,7.2234,0.0315,429.0581,2460.4702,88.3346,41.3299,24.4567,688.1627,585.5031,-87.76879999999994,655.6931000000001,58.0526541793311,585.5031,709.7926,124.28949999999998,-55.29920000000004,649.3036300000001,54.972177703817856,561.3756,710.7652,149.3896000000001,-48.90973000000008,627.7730650000001,49.73236447804516,546.5588,710.7652,164.20640000000003,-27.379165000000057,643.4907923018544,1469.1442,1558.3799,226.6358,1581.34814,99.75758313069775,1469.1442,1695.78,226.6358,114.43185999999992,1587.53416,98.05179612612048,1460.2621,1716.3784,256.11630000000014,108.24584000000004,1563.369075,109.34767264352088,1397.3321,1768.1144,370.7822999999999,132.4109249999999,1571.5941009342785,1348.8893,1397.0928,165.09259999999995,1362.3999,99.1498055521804,1271.79,1513.9819,242.19190000000003,151.5820000000001,1373.80193,89.45298998736668,1240.2456,1513.9819,273.7363,140.1799699999999,1405.80655,99.59866019288287,1240.2456,1583.0788,342.83320000000003,108.17534999999998,1386.8794670272905,591.2433,535.3641,-53.74400000000003,538.3039999999999,32.20399622344963,505.7546,591.2433,85.4887,-0.8046999999999116,563.16018,40.23767274186968,505.7546,638.1716,132.41700000000003,-25.66088000000002,545.204935,44.32465555806774,488.2138,638.1716,149.95780000000002,-7.705635000000029,552.6438878550481,46.521,43.897,-1.2725000000000009,47.32028,3.4156566831284376,43.897,52.7266,8.8296,-2.071779999999997,47.50441,3.1977638945745204,42.8504,52.7266,9.876199999999995,-2.25591,47.37018,3.2335582028406247,42.3296,52.7266,10.396999999999998,-2.121679999999998,47.33367125202051,528.4759,589.9312,45.40109999999993,541.58264,44.71070894498333,474.9259,589.9312,115.00529999999998,32.29435999999998,542.5589299999999,31.18688296212759,474.9259,589.9312,115.00529999999998,31.318070000000034,532.088805,35.46335427874033,474.9259,601.4157,126.4898,41.78819499999997,542.4684527116863,8.6641,8.6145,-1.4406999999999996,8.14932,0.5962613537703193,7.2234,8.6641,1.4406999999999996,-0.9259199999999996,8.31282,0.6689574190069542,7.1946,9.1602,1.9656,-1.0894200000000005,8.448775000000001,0.6741006202223909,7.1946,9.4364,2.2418000000000005,-1.2253750000000014,8.205737261376555,402.191,424.2622,26.86710000000005,397.42624,31.27126991429984,356.6191,429.0581,72.43900000000002,31.631860000000017,390.19758,30.70978086689793,340.2475,429.0581,88.81060000000002,38.86052000000007,389.053275,27.726824544603662,340.2475,429.0581,88.81060000000002,40.00482500000004,394.8398666616317,34.6153,35.9669,6.714600000000004,38.18816,4.337000098916314,34.6153,44.2128,9.597500000000004,3.141739999999998,39.46249,3.6684566386818447,34.6153,44.2128,9.597500000000004,1.86741,38.92593,3.395472170421256,33.6009,44.2128,10.6119,2.403970000000001,38.80319644748467,23.4676,21.279,0.9891000000000004,22.354080000000003,1.7022465176936006,20.1696,24.4567,4.287100000000002,2.102619999999998,23.25602,1.530175821270216,20.1696,25.0093,4.839700000000001,1.200680000000002,23.45496,1.613600003718393,20.1696,25.8752,5.7056,1.0017400000000016,23.13662538662568,8.0,4.174387269895637,0
5001010,94,0.0013689189167998,0.0003257005675514,100.0,486.8954,722.7574,1725.2986,1269.2267,13.2018,22.4543,519.0629,2069.9916,9714.0087,1.1921,43.7105,477.581,2378.3645,9387.9497,9.5558,0.0301,415.535,2681.7976,99.7214,38.7526,21.6477,549.9568,665.2266,172.80059999999992,651.5504400000001,68.90474894655658,549.9568,722.7574,172.80059999999992,71.20695999999987,635.64896,56.49609341181034,549.9568,722.7574,172.80059999999992,87.10843999999997,632.289635,52.71828084900942,549.9568,738.3097,188.3529,90.467765,640.0142563385429,1705.4239,1770.8309,19.874700000000075,1739.4058,30.685347945647923,1705.4239,1773.0972,67.67329999999993,-14.10719999999992,1614.16883,139.21119344441362,1427.6555,1773.0972,345.44169999999986,111.12977,1641.2774700000002,119.14918579725466,1427.6555,1838.4221,410.7665999999999,84.02112999999986,1668.2273045072147,1481.2736,1523.9465,-212.04690000000005,1376.87482,132.0118826676485,1217.6458,1523.9465,306.3007,-107.64812000000006,1382.62277,145.70890787025442,1212.427,1592.5347,380.1077,-113.39607,1417.764165,126.74071010774742,1212.427,1602.4334,390.0064,-148.5374650000001,1393.334806775074,564.651,564.9303,-45.58809999999994,534.25482,39.76764261453002,471.4547,564.9303,93.4756,-15.191919999999982,526.8171600000001,49.08329023172316,468.7083,623.7008,154.99249999999995,-7.754260000000045,549.886635,45.5831024877036,468.7083,623.7008,154.99249999999995,-30.823734999999942,534.1822547536012,42.035,52.2447,1.6755000000000069,48.05324,4.788356592610887,42.035,52.2447,10.209700000000003,-4.342739999999999,49.15753,4.63195235799959,42.035,53.7711,11.7361,-5.447029999999991,48.34873,4.453970048123237,40.6392,55.0037,14.3645,-4.63823,47.74813826215587,543.929,556.8696,-66.34799999999996,514.42468,34.225187524570245,477.581,556.8696,79.28859999999997,-36.84367999999995,506.4868199999999,31.388879269319823,453.0771,556.8696,103.79250000000002,-28.90581999999989,523.356125,42.848632225334605,453.0771,611.0002,157.92309999999998,-45.775125,510.70411219469423,8.2008,8.2213,1.3550000000000004,8.9162,0.7082174842518397,8.2008,9.6924,1.4916,0.6395999999999997,8.695129999999999,0.6938896470861429,7.617,9.6924,2.0753999999999992,0.8606700000000007,8.398945000000001,0.7283194147993586,7.3552,9.6924,2.3372,1.1568549999999984,8.748522128326613,366.3992,427.1058,49.13580000000002,401.94828,42.34908605167264,349.9154,450.786,100.87060000000002,13.586720000000014,392.57935,31.30762371082043,349.9154,450.786,100.87060000000002,22.95564999999999,394.158395,31.48146687518121,337.3436,451.0708,113.72720000000004,21.376604999999984,398.73215907800255,42.0065,36.2745,-3.2539000000000016,38.5977,2.132090128254413,36.2745,42.0065,5.731999999999999,0.1548999999999978,38.22211,2.6988094677509618,33.2848,42.847,9.562200000000004,0.5304900000000004,38.98548,2.8282833129879816,33.2848,44.1175,10.832700000000004,-0.2328800000000015,38.73826604151595,22.7652,20.4618,-1.1174999999999995,21.55184,0.8346887461803041,20.4618,22.7652,2.3034,0.0958600000000018,22.72103,2.0168801936819785,20.4618,26.1481,5.686299999999999,-1.0733299999999986,23.56176,2.129333745910598,20.0453,26.474,6.428699999999999,-1.9140599999999992,22.40071061476481,9.69535971483266,4.553876891600541,0
5001011,74,0.0022364531878084,0.0002380835062475,100.0,489.1723,646.7143,1404.5128,1606.1791,15.2346,20.8613,523.3351,2401.2546,7677.9685,1.5193,46.8903,489.1476,2339.5157,8737.6575,8.6238,0.0351,383.0304,2377.9339,107.9044,44.2039,22.135,540.8242,564.5983,105.89009999999996,598.43406,45.1407773114617,540.8242,646.7143,105.89009999999996,48.280239999999935,619.5301400000001,64.08303463765995,540.8242,731.7586,190.9344,27.184159999999903,650.94561,67.52331883028812,540.8242,764.8054,223.9812,-4.231310000000008,621.7051933671984,1459.8211,1317.088,-55.30829999999992,1463.52252,119.9274226909652,1317.088,1641.309,324.221,-59.009720000000016,1510.05619,116.01365968374876,1317.088,1665.1442,348.0562,-105.54339000000004,1549.470315,158.88229415842574,1317.088,1880.1754,563.0874000000001,-144.95751500000006,1492.2210691427556,1384.5979,1287.317,221.58120000000008,1389.99274,183.30429132642527,1147.1898,1606.1791,458.9893,216.18635999999992,1419.82737,142.51037840678305,1147.1898,1609.0723,461.8825,186.3517300000001,1397.300015,122.04683698732984,1147.1898,1609.0723,461.8825,208.87908500000003,1411.029867556044,611.8993,538.7587,-88.56420000000003,541.6457,43.97863118271202,492.0772,611.8993,119.82210000000003,-18.310600000000026,539.01274,44.774286647588646,474.5398,611.8993,137.35950000000005,-15.677639999999997,544.006725,42.2885319540824,474.3753,611.8993,137.52400000000006,-20.67162499999995,542.5182957694605,48.36,51.1805,-1.469699999999996,48.42512000000001,1.6300170066597552,46.8903,51.1805,4.290199999999999,-1.5348200000000034,46.19549,3.4530600826416684,39.1583,51.1805,12.022200000000003,0.6948100000000039,46.477595,3.3379053951266844,39.1583,51.4162,12.257900000000006,0.4127050000000025,47.134042113128935,435.2005,562.3316,53.947100000000034,472.72492,54.90792770098864,435.2005,562.3316,127.1311,16.422680000000014,506.42239,60.577993773343245,435.2005,593.7196,158.51910000000004,-17.274789999999996,515.6863450000001,55.52019119370684,435.2005,598.8928,163.6923,-26.538745000000063,496.1275925909943,9.6773,7.5117,-1.0535000000000014,8.817420000000002,0.8194887168228806,7.5117,9.6773,2.1656000000000004,-0.1936200000000028,9.01853,0.7844843657531378,7.5117,9.919,2.4073,-0.3947300000000009,8.656389999999998,0.8258075746934312,7.1723,9.919,2.7467000000000006,-0.032589999999999,8.891333869698116,316.5889,414.1322,66.44149999999996,375.19284,36.48623150577494,316.5889,414.1322,97.5433,7.837559999999996,375.67087,40.93475847538229,316.5889,453.7584,137.16949999999997,7.35952999999995,379.711935,41.60480616704187,316.5889,453.7584,137.16949999999997,3.318465000000004,376.8658384381282,39.2296,42.6428,4.9743,40.08966,3.203429943513673,37.1767,44.2039,7.027200000000001,4.114240000000002,39.99452,3.107038950798301,37.1767,44.4636,7.286900000000003,4.209379999999996,40.029810000000005,3.383992953660084,33.2265,44.4636,11.237099999999998,4.1740899999999925,40.3433636955066,25.8065,26.482,-3.671499999999998,24.03944,2.146770223614993,21.6495,26.482,4.8325,-1.9044399999999968,24.12123,1.8886679386099965,21.6495,26.482,4.8325,-1.986229999999999,23.714395000000003,2.022837530868322,19.61,26.482,6.872,-1.5793950000000017,23.99082131550915,8.602325267042627,4.31748811353631,1
5001012,137,0.0019040164093134,0.0002227904411999,100.0,420.0866,679.4891,1674.0495,1432.1679,13.4154,25.2996,501.4908,2390.5605,8224.0934,1.4594,56.6163,584.9588,2065.93,7303.714,8.7116,0.0251,414.5412,2514.9481,100.5663,45.6938,22.0122,536.0245,736.3385,143.46460000000002,649.57798,78.03370050738955,536.0245,736.3385,200.314,29.911119999999983,652.15634,80.81673008271676,514.3824,736.3385,221.9561,27.332760000000007,649.298815,74.05287832195725,514.3824,763.1065,248.7241,30.190285000000017,642.7911260230777,1622.8367,1746.7312,51.212800000000016,1645.92484,154.78018044810466,1394.5843,1791.4225,396.8381999999999,28.12465999999995,1581.1668,189.92484868428625,1356.0197,1852.276,496.2563,92.88270000000011,1563.187825,163.0391753379305,1347.5827,1852.276,504.69330000000014,110.8616750000001,1606.0652349856946,1459.7484,1524.6857,-27.58050000000003,1363.8450799999998,155.3219264901022,1156.982,1524.6857,367.7037,68.32282000000009,1375.2503499999998,126.44219868100724,1156.982,1524.6857,367.7037,56.91755000000012,1374.859845,115.44363387054446,1156.982,1572.7892,415.8072,57.30805499999997,1378.4814248336372,482.2882,534.7223,19.20259999999996,512.84006,28.23502818155072,482.2882,549.7515,67.46329999999995,-11.349260000000015,516.79635,30.478931362509574,471.1603,562.3763,91.216,-15.305549999999982,534.6488750000001,56.04534413481053,452.0574,655.3067,203.2493,-33.15807500000011,517.6395139713495,42.9239,39.8512,13.6924,47.36028,6.646595115696463,39.8512,56.6163,16.765100000000004,9.25602,46.94443,5.829081757885303,39.8512,56.6163,16.765100000000004,9.671870000000006,47.421785,5.102597607748945,39.8512,56.7895,16.938299999999998,9.194515000000004,47.78531422741739,586.8665,504.7754,-1.907699999999977,534.4524,68.40895278766519,427.6239,586.8665,159.24259999999998,50.50639999999999,524.19381,63.01169237220876,427.6239,586.8665,159.24259999999998,60.76499000000001,522.732885,61.18348928129223,423.4054,599.5281,176.1227,62.22591499999999,539.2315139261191,8.7832,7.3542,-0.0716000000000001,8.028400000000001,0.7050345487988569,7.3259,8.7832,1.457300000000001,0.6831999999999994,7.949679999999999,0.6584655745662694,6.9624,8.7832,1.820800000000001,0.7619200000000017,7.867245000000001,0.7042378100695535,6.9624,9.7198,2.7574,0.8443549999999993,8.066066802481668,398.5998,454.7564,15.941399999999987,424.18358,30.68689296999593,394.31,458.7105,64.40050000000002,-9.642380000000005,425.8354000000001,24.86653174476318,394.31,458.7105,64.40050000000002,-11.294200000000046,409.85197,41.7678364663544,318.5761,460.604,142.0279,4.689230000000009,421.1186465343428,32.6178,35.6096,13.076,36.96464,5.049116749293872,32.6178,45.6938,13.076,8.72916,38.09093,4.36979711683888,32.6178,45.6938,13.076,7.602870000000003,37.24198500000001,4.35994544368028,31.5361,45.6938,14.157700000000002,8.451814999999996,37.70859745759194,27.2076,27.2355,-5.195399999999999,23.72614,3.213812122386741,20.9932,27.2355,6.242299999999997,-1.713940000000001,24.98546,2.68611250041558,20.9932,28.241,7.247799999999998,-2.973259999999996,23.729945,2.8373231904060217,19.7528,28.241,8.488199999999999,-1.7177449999999972,24.14867550077136,11.704699910719626,4.927253685157205,0
5001013,135,0.0009426303982486,0.000261299892617,100.0,575.7264,595.4087,1467.1366,1232.3739,14.6158,23.1035,612.0148,2654.3799,9791.4877,1.2893,44.5224,471.854,2839.7532,6487.3667,7.0971,0.0355,462.8232,2651.5,95.0233,35.5986,27.4967,592.8601,642.7803,2.548599999999965,640.22816,53.24162159887669,592.8601,724.1764,131.31629999999996,-44.81946000000005,631.59547,60.99189787510135,538.6303,728.288,189.6577,-36.18677000000002,622.9077500000001,52.30217384402925,538.6303,728.288,189.6577,-27.499050000000125,627.0528029762215,1913.6942,1649.1413,-446.5575999999999,1589.40994,198.710290561367,1456.3341,1913.6942,457.3600999999999,-122.27333999999996,1551.24949,181.8145681269092,1350.0888,1913.6942,563.6053999999999,-84.11288999999988,1573.39356,157.8782783188946,1350.0888,1913.6942,563.6053999999999,-106.25695999999994,1586.056782070926,1332.4038,1605.5958,-100.0299,1407.5193800000002,167.78253794519847,1232.3739,1605.5958,373.2219,-175.14548000000013,1376.21045,151.13267011174273,1149.9915,1605.5958,455.6043,-143.83655,1379.210815,157.9651773081362,1149.9915,1702.1989,552.2074,-146.83691499999986,1368.1090989664071,509.9934,609.1724,102.02140000000004,554.5096,52.131411382581966,508.3186,612.0148,103.69620000000003,57.50520000000006,528.29723,50.86806173812275,436.9081,612.0148,175.10670000000005,83.71757000000002,534.32923,54.20372562255619,436.9081,641.208,204.2999,77.68556999999998,544.6770295646025,49.052,47.8904,-4.529600000000002,46.62276,3.2378386931717102,42.0337,49.6153,7.581599999999995,-2.100360000000002,46.58383,4.58052776873047,39.2795,55.0736,15.7941,-2.061430000000001,47.124385,4.085077500041106,39.2795,55.0736,15.7941,-2.601985000000006,46.57398121956311,433.7949,439.1257,38.0591,477.82986,47.11650013681942,433.7949,549.3156,115.52070000000003,-5.975860000000012,488.44532,44.796114174552514,433.7949,575.7789,141.98400000000004,-16.591319999999996,488.313395,51.203055309439286,427.6943,586.1849,158.49059999999997,-16.459394999999972,480.31895975100434,7.6758,7.9237,-0.5786999999999995,7.8976,0.618936717282159,7.0971,8.8113,1.714199999999999,-0.8004999999999995,8.467600000000001,0.8890801476182493,7.0971,10.1726,3.075499999999999,-1.3705000000000007,8.664265,0.8794207353497812,7.0971,10.1726,3.075499999999999,-1.567165,8.221546331885328,425.3502,427.4175,37.47300000000001,425.70208,23.065475740096893,404.6589,462.8232,58.16429999999997,37.12111999999996,404.90905,42.184725052433805,328.1648,462.8232,134.65839999999997,57.91414999999995,403.58928,41.65254149950528,317.5773,463.2685,145.69120000000004,59.23392000000001,414.78000141329017,34.0968,34.4309,1.5017999999999958,35.71401999999999,4.8570337513754245,30.682,43.7618,13.079800000000002,-0.1154199999999932,35.84372,4.4718496190179575,30.682,43.7618,13.079800000000002,-0.24512,36.27796,4.390904828752023,30.682,44.1729,13.4909,-0.6793600000000026,36.21832410353335,20.1384,27.7521,7.3583,24.08894,3.5098879601776365,20.1384,27.7521,7.613699999999998,3.40776,24.083170000000003,2.936334107181949,19.7499,27.7521,8.002199999999998,3.413529999999998,24.5381,2.4692831670238578,19.7499,27.7521,8.002199999999998,2.958600000000001,24.366081564867105,11.61895003862225,4.912654885736052,0
5001014,72,0.0011436038586857,0.0002857583857215,100.0,477.3068,515.8959,1472.3715,1555.0772,14.6132,20.278,597.7497,2471.6611,9175.7568,1.157,43.6202,455.7818,2257.4451,7181.0302,8.426,0.0355,433.2045,2319.7023,92.7353,44.3823,26.4818,627.6381,556.8491,-111.74220000000004,592.5255,94.29330159953072,515.8959,741.1397,225.2438,-76.62959999999998,625.70642,88.98297832418167,515.8959,745.2461,229.3502,-109.81052,631.1775949999999,81.73095042894973,497.2713,745.2461,247.9748,-115.2816949999999,608.8941410598918,1387.3868,1618.296,84.98469999999998,1491.91364,122.36485845745482,1363.0665,1618.4474,255.3809000000001,-19.542140000000018,1498.02715,130.5530458760153,1363.0665,1775.4051,412.3386,-25.655649999999923,1528.222355,151.65787370300333,1330.5643,1832.1578,501.5935,-55.85085499999991,1486.1093403890588,1272.3132,1292.1541,282.7639999999999,1365.1037,152.58515855041404,1206.6763,1555.0772,348.40089999999987,189.97349999999983,1412.32396,150.17772979535656,1206.6763,1635.6735,428.9972,142.75324,1404.6832,145.40467430748313,1206.6763,1636.6355,429.9592,150.394,1400.947305702868,499.0757,510.6915,98.67399999999998,554.5913400000001,55.8518881090692,499.0757,627.5723,128.49660000000006,43.1583599999999,552.3557000000001,43.14633312167647,499.0757,627.5723,128.49660000000006,45.39399999999989,563.190825,47.82376227071828,474.9313,645.2435,170.31220000000002,34.558874999999944,560.4413052917681,48.865,44.3357,-5.244800000000005,49.30992,5.457461767800131,43.6202,55.1077,11.487500000000004,-5.689720000000001,48.69272,5.381880734629646,40.506,55.1077,14.6017,-5.072519999999997,48.286315,5.027587597632527,39.0808,55.2859,16.205099999999995,-4.666115000000005,48.28746988245201,564.5703,472.257,-108.7885,503.4127399999999,69.59405131074833,434.0023,590.4523,156.45000000000005,-47.63093999999995,498.81048,52.62073321672908,434.0023,590.4523,156.45000000000005,-43.02868000000001,488.81153000000006,56.7587912568807,416.2726,590.4523,174.17970000000005,-33.029730000000086,494.9053867117445,7.3625,8.9437,1.0635000000000003,8.224340000000002,0.695708274350678,7.3625,8.9437,1.5812,0.2016599999999986,8.17287,0.9826252287169862,6.9374,9.9174,2.9800000000000004,0.2531300000000005,8.389135,0.9544620426270444,6.9374,10.0696,3.132199999999999,0.0368650000000005,8.225026952283834,448.825,354.1915,-15.620499999999993,425.69278,42.54967231209893,354.1915,464.8735,110.68199999999996,7.511720000000025,392.58141,50.13332003580162,315.2181,464.8735,149.6554,40.62309000000005,386.75311,47.34693614367861,315.2181,464.8735,149.6554,46.45139,407.8488304163316,38.9623,31.755,5.420000000000002,37.20094,4.958643823970429,31.755,44.3823,12.627300000000002,7.181359999999998,37.08296,4.615122637638615,30.6516,44.3823,13.730700000000002,7.299340000000001,38.41574,4.22091744933555,30.6516,45.5199,14.8683,5.966560000000001,38.42644803438903,26.4873,25.811,-0.0055000000000013,26.0782,0.6532620339495042,25.045,26.5659,1.5208999999999977,0.4036000000000008,24.7832,2.2714825026841066,20.1768,26.5659,6.389099999999999,1.698599999999999,23.61577,2.6641660223871377,19.7805,26.8807,7.100200000000001,2.8660299999999985,25.01261231411929,8.48528137423857,4.290459441148391,1
5001015,139,0.001058168676417,0.0003297600580012,100.0,591.2677,583.7277,1567.4042,1217.9089,13.504,22.5322,500.4942,2287.3597,8766.9077,1.3015,38.4405,475.0969,2371.6036,9779.7699,8.9717,0.032,353.3345,2691.7407,112.3353,39.6379,21.1427,651.1929,605.7003,-67.46519999999998,650.21612,57.42541166802409,583.7277,724.3919,140.66419999999994,-66.48842000000002,644.5089099999999,61.63621068308702,563.6941,748.7125,185.0184,-60.781209999999874,645.585495,62.41618702884258,553.07,753.0608,199.99079999999992,-61.85779500000001,648.1262731091913,1667.5961,1755.4855,-100.19190000000005,1623.97338,163.13574881612251,1368.4436,1760.9375,392.4939,-56.56917999999996,1578.58609,139.3823650485273,1368.4436,1760.9375,392.4939,-11.181890000000068,1574.1714550000002,172.72674524287606,1304.0979,1907.207,603.1091000000001,-6.767255000000205,1603.3005764863058,1180.865,1344.362,37.04389999999989,1319.36286,151.5929803326915,1180.865,1565.9792,385.1142,-101.45396000000004,1389.54318,133.1734214202723,1180.865,1565.9792,385.1142,-171.63428,1383.9606950000002,150.46370711607844,1151.3126,1673.0797,521.7671,-166.0517950000003,1338.2126371914997,662.0329,614.4097,-161.53870000000006,575.8182800000001,63.836056350051656,500.4942,662.0329,161.53870000000006,-75.3240800000001,545.3093900000001,73.3956376384329,446.0063,662.0329,216.02660000000003,-44.81519000000014,551.368095,76.14036908986256,432.3542,662.0329,229.67870000000005,-50.87389500000006,552.9652125092192,52.4548,53.3799,-14.0143,45.9055,7.062932541444829,38.4405,53.3799,14.9394,-7.464999999999996,48.57289,6.403997529746567,38.4405,55.2376,16.7971,-10.13239,49.04961,6.591066102080897,37.9637,58.5558,20.592099999999995,-10.60911,47.06621404566507,596.6683,462.8989,-121.57140000000004,502.31284,60.70249891172508,448.7153,596.6683,147.95300000000003,-27.21593999999993,534.28778,56.49182267053858,448.7153,601.7637,153.04839999999996,-59.19087999999999,530.100095,68.74563659830166,415.3922,643.1536,227.7614,-55.003195000000005,523.695659332598,7.677,10.1569,1.2947000000000006,8.80798,1.0121942091318186,7.677,10.1569,2.4799000000000007,0.1637199999999996,8.59027,0.967694321628016,6.8219,10.1569,3.335,0.3814299999999999,8.501360000000002,0.9636506313848534,6.558,10.1569,3.5989000000000004,0.4703399999999984,8.650345309297318,327.5285,443.6148,25.805999999999983,383.12248,51.5533856915531,327.5285,443.6148,116.0863,-29.787980000000005,392.90512,48.47754736502717,327.5285,444.0937,116.5652,-39.57062000000002,389.160175,46.12001200724357,314.3184,448.874,134.55560000000003,-35.82567500000005,381.60160570728704,42.976,33.4127,-3.338099999999997,40.4707,4.718279587413171,33.4127,46.1435,12.730800000000002,-0.8327999999999989,38.21311,5.154071090021968,30.9918,46.1435,15.151700000000002,1.4247900000000016,39.671335000000006,5.001074509624488,30.9918,48.261,17.2692,-0.0334350000000043,39.25411837921391,26.4305,20.2788,-5.287799999999997,24.78392,3.787798305348368,20.2788,28.0481,7.769300000000001,-3.641220000000001,23.78655,4.102471587889964,18.6439,28.0481,9.404200000000005,-2.643849999999997,23.906875,3.507163481530941,18.6439,28.0481,9.404200000000005,-2.764174999999998,24.26143518155749,11.789826122551595,4.941642422609304,0
5001016,114,0.002368968670042,0.0003044323256118,100.0,422.6564,768.7988,1264.1572,1685.5732,16.4193,18.7152,604.473,2770.7321,10174.4097,1.5506,45.4837,624.5267,2270.4625,6649.7237,8.7432,0.0334,329.4191,1993.0263,88.7938,38.69,27.9504,584.6975,588.7588,184.10130000000004,610.88116,100.28887047770084,492.3921,768.7988,276.4067,157.91764,624.31148,86.15985472102666,492.3921,768.7988,276.4067,144.48732000000007,619.122625,89.02287595797102,478.5598,768.7988,290.23900000000003,149.67617500000006,623.1636168984162,1757.5672,1614.0166,-493.4099999999999,1580.60582,192.16258174104,1264.1572,1757.5672,493.4099999999999,-316.4486199999999,1657.89431,212.8412462931392,1264.1572,1962.3092,698.1519999999998,-393.73711,1628.23456,232.8340778362866,1237.3606,1962.3092,724.9485999999999,-364.07736,1607.5623728569576,1298.5405,1641.1225,387.0327,1449.98086,235.1714075601311,1127.4611,1685.5732,558.1121,235.59233999999992,1405.9853200000002,200.93869459912847,1127.4611,1685.5732,558.1121,279.5878799999998,1391.59269,197.8616526496781,1123.4701,1685.5732,562.1031,293.9805100000001,1438.733624597327,421.867,490.3932,182.606,565.8043599999999,105.3719925539419,421.867,665.9,244.033,38.668640000000096,563.55535,79.97885041534776,421.867,665.9,244.033,40.91764999999998,572.42438,71.79329876676728,421.867,665.9,244.033,32.048619999999914,567.2593484776131,38.9164,41.458,6.567299999999996,41.81978,3.9879519407836193,37.0624,46.1784,9.116000000000009,3.663919999999997,44.2415,5.9798714854269,35.7108,52.7822,17.071400000000004,1.242200000000004,44.48156,6.134248308635684,35.7108,55.8336,20.1228,1.0021399999999971,43.12934484703683,541.313,606.9297,83.21370000000002,550.0970599999999,69.05369337510481,451.937,624.5267,172.5897,74.42964000000006,556.38377,72.18434364326536,422.3602,624.5267,202.1665,68.14292999999998,534.2905149999999,65.59777827681344,422.3602,624.5267,202.1665,90.23618500000008,554.8925043371426,8.4821,8.0982,0.261099999999999,8.659600000000001,0.5840740578043186,8.0982,9.6182,1.5199999999999996,0.0835999999999987,8.43579,0.9763506865989378,6.8994,9.7983,2.8989,0.3074099999999991,8.53226,1.0572694808599672,6.6334,10.1622,3.5288000000000004,0.210939999999999,8.475614486085856,421.3128,306.6279,-91.89369999999997,387.46486,71.81677461800267,306.6279,485.0646,178.43669999999997,-58.04576000000003,386.00783,54.05534189139546,306.6279,485.0646,178.43669999999997,-56.58873,392.67702,49.94719052650672,306.6279,485.0646,178.43669999999997,-63.25791999999996,384.4615684363077,34.2793,43.5726,4.410699999999999,41.472,4.999784896873101,34.2793,47.0065,12.727200000000003,-2.782000000000004,41.36285,5.092702786504085,33.3684,47.0065,13.6381,-2.672849999999997,40.093425,4.491824233435543,33.3684,47.0065,13.6381,-1.4034250000000057,40.428776727855805,19.7512,24.4785,8.199199999999998,22.84244,3.671771021319271,18.9027,27.9504,9.0477,5.107959999999999,22.42759,2.7276552329590458,18.9027,27.9504,9.0477,5.52281,23.27795,3.346149660902496,18.1355,29.3696,11.234099999999998,4.672449999999998,23.12465753108823,10.677078252031311,4.74493212836325,0
5001017,72,0.0021735837772805,0.0003173865198493,100.0,600.0637,575.386,1318.9467,1349.6222,15.9625,17.1682,581.7246,1927.7638,7787.9518,1.0034,50.2437,502.1233,2696.8219,8856.567,9.0487,0.0345,456.118,2169.8685,81.2095,46.6485,20.9216,582.0983,651.385,-6.712300000000028,612.0660999999999,32.6599846063192,575.386,651.385,75.99900000000002,-36.680099999999925,660.79874,91.6032516129591,532.594,800.4894,267.8954,-85.41273999999999,653.074995,81.24770427613683,530.7687,800.4894,269.7207000000001,-77.68899499999998,639.1804696187195,1881.9575,1745.9959,-563.0108,1614.6485799999998,232.16866045741853,1318.9467,1881.9575,563.0108,-295.70187999999985,1548.6773099999998,227.62573927437947,1276.5166,1881.9575,605.4409,-229.73060999999984,1502.3867,201.0048624086126,1235.1892,1881.9575,646.7683,-183.44000000000003,1561.172952109379,1109.3303,1224.5945,240.2919,1333.98898,229.04621541919656,1109.3303,1712.8236,603.4932999999999,15.633220000000165,1364.91734,190.7999454075229,1109.3303,1712.8236,603.4932999999999,-15.295139999999948,1378.419655,177.92253276521186,1109.3303,1712.8236,603.4932999999999,-28.797455000000127,1348.6926351161885,528.792,475.3534,52.93259999999998,543.90584,52.78945961906597,475.3534,610.0603,134.70689999999996,37.81876,570.36093,67.68416465048138,471.35,669.1374,197.7874,11.363669999999956,559.4813,82.13089246875191,436.3754,695.5974,259.222,22.243299999999977,558.4867938807031,59.7138,42.6899,-9.470100000000002,51.40876000000001,6.090772876901569,42.6899,59.7138,17.023899999999998,-1.165060000000011,52.92908,5.209312006141861,42.6899,59.7138,17.023899999999998,-2.685380000000002,48.10465,7.21921570127801,36.0487,59.7138,23.6651,2.139049999999997,51.43705668783865,483.5681,632.9275,18.55519999999996,487.72924,92.67745305967291,387.9912,632.9275,244.9363,14.394059999999968,495.44848,89.96011730666241,387.9912,632.9275,244.9363,6.674819999999954,489.1313800000001,82.3891083166597,387.9912,643.755,255.7638,12.99191999999988,488.3974287948387,6.3292,7.0872,2.7195,7.075100000000001,1.1439973579514968,6.3292,9.0487,2.7195,1.9736,7.682430000000001,1.3492582736451888,6.3292,10.2457,3.916499999999999,1.3662699999999992,7.948609999999999,1.3106881920337965,6.3292,10.2457,3.916499999999999,1.100090000000001,7.644441619340819,435.488,297.7408,20.629999999999995,417.4519,67.95221901336275,297.7408,461.8761,164.13530000000003,38.66609999999997,415.6174,56.245749241737656,297.7408,461.8761,164.13530000000003,40.50060000000002,416.92012,51.44157360042538,297.7408,482.0977,184.3569,39.197880000000055,419.49098671984393,47.2482,35.0287,-0.5996999999999986,39.58992,7.278763948088994,30.5703,47.2482,16.677899999999998,7.058579999999999,39.38418,5.79304654771563,30.5703,47.2482,16.677899999999998,7.264319999999998,39.099015,4.8368868557189,30.5703,47.2482,16.677899999999998,7.549484999999997,40.38942324423773,25.4605,22.742,-4.538899999999998,23.28784,3.093800158866122,19.9565,27.3586,7.402100000000001,-2.3662399999999977,22.98056,3.031302857848422,18.0368,27.3586,9.3218,-2.058959999999999,22.52835,2.510256497378626,18.0368,27.3586,9.3218,-1.606749999999998,23.21271201199242,8.48528137423857,4.290459441148391,1
5001018,125,0.0022102772411015,0.0002984060654029,100.0,495.5981,784.5498,1587.0856,1438.2174,11.0049,16.7154,431.6421,2002.8609,6639.8679,1.5609,60.6205,538.5789,2380.747,9791.7761,9.3848,0.0314,469.3072,2090.7832,103.8602,45.2912,29.3043,617.4943,800.3964,167.05550000000005,674.17886,109.68100908251152,566.745,800.3964,233.6514,110.37094000000002,614.42535,104.66395326011784,469.5132,800.3964,330.8832,170.12445000000002,620.3953300000001,96.92620098349435,469.5132,800.3964,330.8832,164.15446999999995,648.8630562210517,1428.9998,1916.677,158.08580000000006,1686.8482,185.43363188564183,1428.9998,1916.677,487.6771999999999,-99.7625999999998,1583.87557,184.6030763653381,1262.0212,1916.677,654.6558,3.210030000000188,1599.3678800000002,205.79631780065463,1258.5095,1928.6474,670.1379000000002,-12.282280000000128,1612.2558642152749,1165.4061,1765.6343,272.8113000000001,1387.62826,251.1863340744531,1149.8073,1765.6343,615.827,50.58914000000004,1369.4428199999998,185.2991703981235,1149.8073,1765.6343,615.827,68.77458000000024,1354.250395,211.94877451786968,1030.2025,1765.6343,735.4317999999998,83.96700499999997,1379.121555631165,677.0107,446.223,-245.3686,537.32696,102.03769107027549,431.6421,677.0107,245.3686,-105.68485999999996,527.39509,80.58536566241703,431.6421,677.0107,245.3686,-95.75298999999995,541.600695,78.28876712291365,427.5642,677.0107,249.4465,-109.95859499999996,533.3437515637748,50.7137,48.9259,9.906799999999995,47.00218,9.86260756453384,36.7431,60.6205,23.8774,13.618320000000004,47.95468,7.020482957555935,36.7431,60.6205,23.8774,12.665819999999997,48.21593,7.289950894578672,35.4389,60.6205,25.181600000000003,12.40457,49.21552978264592,566.3346,529.278,-27.755700000000047,528.92864,55.20965718371177,436.0293,574.4224,138.39310000000006,9.650260000000005,509.1174600000001,61.41707497959613,390.6978,575.4852,184.7874,29.461439999999925,515.91591,70.51366270229882,390.6978,636.4395,245.7417,22.66298999999992,527.8863535352762,7.6759,8.7023,1.7089,8.48014,1.3513117527054974,6.6251,10.0126,3.387500000000001,0.9046599999999998,8.42366,1.1484555708525368,6.6251,10.0126,3.387500000000001,0.9611400000000004,8.170530000000001,0.9604728457763336,6.6251,10.0126,3.387500000000001,1.214269999999999,8.30932574755777,420.8893,410.3327,48.41790000000003,402.5533,51.04222987796456,331.058,469.3072,138.24920000000003,66.75389999999999,402.33143,42.41574453308182,331.058,469.3072,138.24920000000003,66.97577000000001,392.46039,52.42891162748907,285.6819,472.2192,186.5373,76.84681,403.9836385023221,48.1045,36.3611,-2.813299999999998,38.0985,8.290769365686145,29.8444,48.1045,18.2601,7.192700000000002,38.26312,6.256395433261352,29.8444,48.1045,18.2601,7.028080000000003,38.634025,5.515650007490647,29.8444,49.3209,19.4765,6.657175000000002,39.36401566992233,28.2741,22.9843,1.030200000000001,25.08312,4.352907531983646,18.6009,29.3043,10.703400000000002,4.22118,23.70697,3.7536713699316393,18.6009,29.3043,10.703400000000002,5.59733,23.897695,3.860713283629688,17.8661,29.3043,11.438200000000002,5.406604999999999,24.47775653127326,11.180339887498947,4.836281906951478,0
5001019,116,0.000908979503582,0.0002327342121171,100.0,624.7214,678.1277,1265.4138,1253.421,10.5267,19.2394,443.2129,2579.5818,7102.84,1.5952,58.231,540.0007,2212.0652,6658.6956,7.1414,0.027,374.9212,2507.6365,107.7552,30.7182,19.6505,523.3761,660.2842,154.75160000000005,635.54636,91.09337717157588,523.3761,750.6512,227.27510000000007,42.58133999999996,665.06272,92.8503333984416,523.3761,803.5214,280.1453,13.064979999999991,657.09672,100.95891180269234,471.7941,803.5214,331.7273,21.03098,637.9558216254377,1319.5842,1419.084,-54.17039999999997,1545.20306,296.9055651847541,1265.4138,1924.6316,659.2177999999999,-279.78926,1539.34064,233.62733590894103,1226.8459,1924.6316,697.7856999999999,-273.92683999999986,1513.226165,203.59740904365376,1226.8459,1924.6316,697.7856999999999,-247.812365,1501.336969004915,1700.5971,1579.4904,-447.1760999999999,1330.26406,298.7055245025073,1011.6604,1700.5971,688.9367,-76.84305999999992,1312.3559300000002,215.58633154508937,1011.6604,1700.5971,688.9367,-58.93493000000012,1342.471205,209.52120554671248,1011.6604,1727.8799,716.2194999999999,-89.050205,1336.4355967569868,562.6356,421.5548,-119.42269999999996,490.6651,66.81393117771155,421.5548,562.6356,141.08079999999995,-47.452200000000005,518.37659,77.97991573349717,421.5548,671.4733,249.9185,-75.16368999999997,527.07539,81.7792244927894,413.7572,706.3301,292.5729,-83.86248999999998,507.5069333860189,57.7279,39.952,0.5031000000000034,50.74878,8.83692434402379,39.952,58.231,18.279000000000003,7.482220000000005,49.95829,8.455855143883031,39.3902,58.231,18.8408,8.272710000000004,49.963875,7.768598814381902,39.2889,58.3503,19.0614,8.267125000000007,51.05013610825013,572.965,634.9946,-32.96429999999998,542.0215599999999,68.42044056020849,451.9998,634.9946,182.9948,-2.020859999999857,500.47856,69.71509071950899,418.4773,634.9946,216.5173,39.52214000000004,509.180685,65.55528586915445,418.4773,634.9946,216.5173,30.82001500000007,523.4901744626643,6.8469,7.835,0.2945000000000002,7.31124,0.4503264182789727,6.8469,7.835,0.9881000000000002,-0.1698399999999997,7.704859999999999,1.011766235846992,6.616,9.5074,2.891400000000001,-0.5634599999999992,8.214859999999998,1.0471171815990796,6.616,10.0139,3.3979,-1.073459999999998,7.57839040892757,455.1586,344.6683,-80.23739999999998,390.94706,50.09963225067637,344.6683,455.1586,110.4903,-16.025860000000023,389.63351,56.08141134526264,304.0756,461.3021,157.2265,-14.712310000000002,406.671635,53.02888722660384,304.0756,483.8231,179.7475,-31.75043500000004,396.6288554469787,32.4398,35.0309,-1.721599999999999,34.7927,3.882951192070286,30.7182,40.9664,10.2482,-4.074499999999997,37.13101,4.238785177762908,30.7182,44.2413,13.523100000000005,-6.412810000000004,36.019975,4.669749821865821,29.6467,44.7204,15.0737,-5.301775000000003,35.42146221758789,27.7915,25.6403,-8.140999999999998,21.89678,4.504196142154562,18.0932,27.7915,9.6983,-2.2462799999999987,22.48344,3.657232726529714,18.0932,27.7915,9.6983,-2.832939999999997,22.36509,3.231480979511924,18.0932,27.7915,9.6983,-2.7145899999999976,22.539784383321702,10.770329614269007,4.762173934797756,0
5001020,97,0.0014048864867822,0.0002567459107494,100.0,472.1801,823.3225,1802.2646,1304.5141,15.8359,24.5149,664.2764,2488.0678,7356.9525,1.5208,44.5853,620.1766,2184.8952,6922.7224,9.1768,0.0226,339.2896,2131.3188,121.4521,43.8723,20.8386,652.661,635.4983,170.66150000000005,684.2235,123.29157292100282,519.9939,823.3225,303.32859999999994,139.09900000000005,705.42235,98.27650546693064,519.9939,823.3225,303.32859999999994,117.90014999999994,718.65895,85.59068515709855,519.9939,823.3225,303.32859999999994,104.66355,713.501191990244,1119.0439,1430.462,683.2207000000001,1539.1196999999995,308.53516138486606,1119.0439,1881.6659,762.6220000000001,263.14490000000023,1707.88059,275.9707275959636,1119.0439,1948.9759,829.932,94.38401,1658.767045,263.7242513400362,1119.0439,1991.4537,872.4098000000001,143.49755499999992,1638.9294979671597,1699.5699,1283.1835,-395.0557999999999,1326.52228,244.342500365208,1014.6434,1699.5699,684.9264999999999,-22.00817999999981,1357.9498600000002,214.87963599264504,1014.6434,1699.5699,684.9264999999999,-53.43576000000007,1360.171825,227.0322296811894,1014.6434,1705.8497,691.2062999999999,-55.6577249999998,1347.878255631855,566.4544,455.6337,97.822,580.1149600000001,99.44457521892804,455.6337,694.6683,239.03460000000007,84.16143999999986,575.35981,90.81727890662242,455.6337,694.6683,239.03460000000007,88.91658999999993,555.957885,87.04223478688394,408.8215,694.6683,285.84680000000003,108.31851499999992,570.2276557688092,42.2301,53.4118,2.3551999999999964,45.43035999999999,6.442214091288797,36.9969,53.4118,16.414900000000003,-0.8450599999999966,45.42055,5.601634171134559,36.9969,53.4118,16.414900000000003,-0.835250000000002,47.179875,6.504156732418773,36.9969,58.6758,21.67890000000001,-2.594575000000006,45.66833202682564,496.1791,540.9112,123.9975,547.00698,49.594664280061394,496.1791,620.1766,123.9975,73.16962000000001,502.94509,60.57357736915129,416.9619,620.1766,203.2147,117.23151,515.01045,68.75867218607485,416.9619,645.7043,228.7424,105.16615000000002,530.7529465764584,9.2858,9.621,-0.1089999999999999,8.86536,1.503599478917172,6.2385,10.0047,3.7662,0.3114399999999993,8.64592,1.286364239760004,6.2385,10.2227,3.9842,0.5308799999999998,8.83194,1.2947549113330483,6.2385,10.5854,4.3469,0.3448600000000006,8.759586140448668,273.0498,331.9218,66.2398,324.85338,43.20084004393897,273.0498,385.082,112.0322,14.436219999999992,337.36872000000005,52.32004185979488,273.0498,445.7465,172.69670000000002,1.9208799999999544,364.437905,61.58168351293956,273.0498,485.7559,212.7061,-25.148305,341.56076212851485,27.5216,35.9888,16.350700000000003,36.39648,7.863097870877619,27.5216,44.7451,17.2235,7.475820000000006,40.67746,7.696037085727228,27.5216,50.1764,22.6548,3.1948400000000063,39.842785000000006,6.426420114059985,27.5216,50.1764,22.6548,4.029514999999996,38.44695123266835,26.9068,24.4955,-6.068200000000001,23.1284,3.4337379377290835,18.4069,26.9068,8.4999,-2.2898,23.31331,2.9445022037123136,18.4069,26.9068,8.4999,-2.474709999999998,23.931235,3.28704912654033,18.4069,29.4781,11.0712,-3.0926350000000014,23.26095384430832,9.848857801796104,4.584967478670572,1
5001021,107,0.0018844077276346,0.0003559763878894,100.0,396.898,582.4209,1459.6648,1783.6206,18.1989,27.6653,650.8213,2604.1325,8508.5652,1.1544,37.7425,481.2802,2588.576,9760.9591,8.8406,0.0332,384.8438,2173.9022,99.243,47.8086,17.3533,638.1943,671.5382,-55.77340000000004,619.76798,66.30316425214527,523.875,682.8115,158.93650000000002,-37.347080000000005,645.26028,97.51626902997384,494.762,801.8369,307.0749,-62.839380000000006,635.868095,96.9226270547122,494.762,801.8369,307.0749,-53.44719500000008,641.7236866667811,1495.7851,1367.6537,-36.12030000000004,1560.53214,247.03133142891627,1367.6537,1993.0283,625.3745999999999,-100.86734,1513.808,196.23349096214125,1213.2754,1993.0283,779.7529,-54.14319999999998,1642.37658,263.8876808939575,1174.5841,2077.8123,903.2282,-182.7117800000001,1555.139486227627,1575.4589,1361.8008,208.16169999999988,1521.994,165.0646132842397,1361.8008,1783.6206,421.8198,261.6265999999998,1546.94323,124.4781561262228,1361.8008,1783.6206,421.8198,236.67736999999988,1395.76449,226.5050715175896,1010.8587,1783.6206,772.7619,387.85611,1518.8899832524926,569.2752,425.2389,81.54609999999991,572.68146,103.89767508550403,425.2389,688.6565,263.41760000000005,78.13983999999994,574.39159,96.2342122843184,425.2389,688.6565,263.41760000000005,76.42971,543.976105,90.64942259326928,415.1316,688.6565,273.52490000000006,106.845195,567.3944237494345,62.1372,55.1155,-24.3947,52.4915,10.585598233685197,37.7425,62.1372,24.3947,-14.748999999999995,49.14636,10.099932379553618,35.4874,62.1372,26.6498,-11.403860000000002,45.916365,9.79170554442434,32.5637,62.1372,29.573500000000003,-8.173865,48.99651809904405,457.2023,558.3427,24.0779,505.68224,99.4919719515249,386.0408,645.5452,259.50440000000003,-24.40204,524.96365,82.70210125370647,386.0408,646.6332,260.5924,-43.68345000000005,513.95256,78.77248054043392,386.0408,646.6332,260.5924,-32.67235999999997,515.7599908074346,9.9303,9.5173,-1.0897000000000006,9.2526,0.5846621631335566,8.4738,9.9303,1.4565,-0.4120000000000008,8.926359999999999,0.5964819177663412,7.8748,9.9303,2.055500000000001,-0.0857599999999987,8.787984999999999,1.228732072321966,6.1101,10.6282,4.5181,0.0526150000000011,8.919314003499236,406.6291,494.6106,-21.785300000000007,412.95382,59.79306965327993,336.0142,494.6106,158.59639999999996,-28.11002000000002,421.6965,61.704745714788174,315.2786,497.4313,182.15270000000004,-36.85270000000003,395.895565,68.77752911498338,285.1277,512.1141,226.9864,-11.051765000000046,407.3853985927197,46.1452,41.1141,1.6633999999999958,41.455020000000005,6.874810662992814,30.2174,47.8086,17.591199999999997,6.353579999999994,39.33578,5.954669371883253,30.2174,47.8086,17.591199999999997,8.472819999999999,38.4133,6.892666426679428,27.0583,50.0832,23.0249,9.3953,40.98923901602483,19.2928,23.0632,-1.939499999999999,21.03842,3.641365255230532,17.3533,26.3822,9.0289,-3.6851199999999977,23.57635,3.7927622681599455,17.3533,28.5681,11.2148,-6.223050000000001,23.545575,3.891710225307529,16.4108,28.7081,12.297300000000003,-6.192274999999999,21.95488805374776,10.3440804327886,4.68213122712422,0
5001022,63,0.0007783929153759,0.0002723946820936,100.0,589.0762,646.1484,1959.6068,1473.4976,14.7704,16.0463,535.2011,2322.6498,7047.788,1.5219,35.951,604.3116,2146.7591,10134.7894,7.246,0.0278,512.3953,2731.412,75.7578,47.3343,30.0211,453.7604,737.8047,192.38800000000003,630.5930599999999,120.3777513347379,453.7604,739.7708,286.0104,15.555340000000117,675.12456,115.99291837107243,453.7604,805.1251,351.3647,-28.976159999999936,668.856485,106.06508514632458,453.7604,805.1251,351.3647,-22.708084999999983,657.1906467703488,1161.0899,1712.887,798.5169000000001,1543.71162,304.7165917056321,1161.0899,1959.6068,798.5169000000001,415.89518,1547.22582,213.8779448748532,1161.0899,1959.6068,798.5169000000001,412.3809799999999,1593.974835,229.762737648799,1161.0899,2029.9662,868.8763000000001,365.631965,1579.320647684479,1468.1683,1578.4804,5.329299999999876,1391.26912,185.43374805797123,1095.9434,1578.4804,482.5369999999998,82.22847999999999,1435.66955,200.74200436980595,1095.9434,1744.4756,648.5321999999999,37.82804999999985,1400.56398,235.92930195408684,1045.4684,1759.2695,713.8011000000001,72.93361999999979,1424.7797353431415,566.6206,676.9488,-31.41949999999997,567.03622,68.7558160474953,490.7931,676.9488,186.1557,-31.83511999999996,577.29098,95.88572525637886,419.3784,695.6406,276.26219999999995,-42.08988,550.3402349999999,115.25547420158792,366.7555,727.6302,360.8747,-15.139134999999897,552.873709080992,59.8894,38.3831,-23.9384,42.99436,9.664942524557476,35.951,59.8894,23.9384,-7.04336,45.89967,9.881734931124186,35.2248,59.8894,24.6646,-9.94867,45.92194,9.292079487753895,33.9515,59.8894,25.9379,-9.97094,44.49402217716896,491.561,633.3379,112.75060000000002,584.75512,77.10737829142577,491.561,674.8726,183.31160000000008,19.556479999999965,548.8702499999999,102.57826027879888,378.8309,674.8726,296.04170000000005,55.44135000000006,539.92519,100.71172515347124,375.4701,674.8726,299.40250000000003,64.38640999999996,567.7775466346459,6.5295,8.1724,0.7165000000000008,7.56186,1.0535916514475596,6.5295,9.0774,2.547900000000001,-0.3158599999999998,7.901039999999999,1.0431479454037182,6.5295,9.1262,2.596700000000001,-0.6550399999999987,8.24516,1.272283098834119,6.413,10.7302,4.3172,-0.9991599999999998,7.845392249571098,370.0751,398.2549,142.3202,396.49196,68.55918954566188,334.9978,512.3953,177.39750000000004,115.90334,397.33001,65.0738589813222,334.9978,512.3953,177.39750000000004,115.06529,391.9958,71.27091784859414,277.7271,512.3953,234.6682,120.3995,406.54802193711646,28.5227,30.1136,18.8116,33.1691,8.04983246254228,28.1025,47.3343,19.2318,14.1652,36.80563,8.980806552748406,26.5507,49.181,22.6303,10.528670000000004,38.43594,8.358358723010536,26.5507,49.4666,22.9159,8.898359999999997,36.87086666134397,23.6353,19.3135,6.3858,23.05866,4.262517517617966,19.3135,30.0211,10.7076,6.962440000000001,22.96117,3.604847710468039,16.9483,30.0211,13.0728,7.059930000000001,23.184965,4.4206065865355,16.5414,30.6867,14.1453,6.836135000000002,23.746893121698943,7.937253933193772,4.158883083359672,0
5001023,118,0.0005032203202509,0.0003503102992936,100.0,506.3673,484.9519,1883.2146,1336.7181,13.179,24.3662,644.2608,2724.9641,10687.9124,0.9786,58.6848,560.6365,2109.5856,9551.3162,6.4223,0.0358,274.8676,3187.3216,123.1354,40.9058,18.5198,517.1531,708.0954,-32.20119999999997,597.90296,94.17289879688391,484.9519,708.0954,223.1435,-112.95105999999998,599.6099,111.6319936044122,480.887,794.6875,313.8005,-114.65800000000002,637.4972300000001,123.35631721036124,449.7602,866.2224,416.4622,-152.54533000000004,593.4259801839094,1607.8734,1441.1583,275.3412000000001,1598.67382,243.3688022091621,1283.8068,1883.2146,599.4078,284.54078000000004,1554.27566,210.2952802621124,1283.8068,1883.2146,599.4078,328.93894,1582.94568,271.7307804573557,1167.8011,2025.6659,857.8648000000001,300.26892,1586.2123604930912,1068.5485,1090.4475,268.16959999999995,1238.19628,221.245501433819,1068.5485,1583.7783,515.2297999999998,98.52181999999992,1325.27141,248.04237650710925,1037.6692,1719.5212,681.8519999999999,11.44668999999999,1408.358025,257.7835293448545,1037.6692,1849.4603,811.7910999999999,-71.63992499999995,1295.7083714621986,561.5552,460.409,82.7056,533.269,83.96319698189207,438.555,644.2608,205.7058,110.9918,556.2986199999999,94.7199064358207,438.555,702.4862,263.93120000000005,87.9621800000001,562.791075,94.04361191889372,407.7153,702.4862,294.77090000000004,81.46972500000004,563.3734448002671,46.0096,47.7803,12.675200000000004,50.7471,7.002947327375823,43.493,58.6848,15.1918,7.937699999999999,49.32853,7.893309071760283,37.5453,58.6848,21.139500000000005,9.356270000000002,49.833405,8.38441234456286,35.1713,60.5772,25.405899999999995,8.851395000000004,50.50873291229138,618.4203,387.0335,-57.78380000000004,522.38462,108.67081726706564,387.0335,618.4203,231.3868,38.25187999999992,518.8669699999999,85.68630308299697,387.0335,618.4203,231.3868,41.76953000000003,489.29066,72.55446595861888,384.6413,618.4203,233.779,71.34583999999995,517.9516313631115,6.4496,8.895,-0.0273000000000003,7.44488,1.1544040267601372,6.4223,8.895,2.4727,-1.0225800000000005,8.19318,1.4768821308569091,6.4223,10.7679,4.345599999999999,-1.77088,8.07556,1.5169204650419768,6.1563,10.7679,4.611599999999999,-1.6532599999999995,7.712063034015477,491.9976,506.7557,-217.13,395.01846,103.145507486211,274.8676,506.7557,231.8881,-120.15086000000002,401.03326,76.82663722980755,274.8676,506.7557,231.8881,-126.16566,402.724575,62.9865836890421,274.8676,506.7557,231.8881,-127.85697500000003,394.491138113671,40.1243,36.3953,0.7815000000000012,39.49732,2.962563122871824,36.3953,43.3876,6.9923,1.4084800000000044,39.60542,6.047517680613536,31.4576,51.9997,20.5421,1.300379999999997,40.14658,6.417850945899998,31.4576,51.9997,20.5421,0.7592199999999991,40.27934443013077,16.8809,26.106,1.6388999999999996,22.25288,5.000315143768442,16.8809,28.6591,11.778199999999998,-3.7330799999999975,23.37128,4.538912628666323,16.8809,30.0924,13.2115,-4.851480000000002,22.59815,4.19379374282622,16.651,30.0924,13.441400000000002,-4.078349999999997,21.90316292741602,10.862780491200215,4.77912349311153,1
5001024,140,0.0019854825859645,0.0003059666783241,100.0,606.517,782.9066,2047.922,1737.8692,17.2776,17.3931,473.6268,2489.4857,9050.2633,1.0223,34.093,447.3072,2863.5928,6860.1451,6.7051,0.0283,286.3663,3078.3595,74.1749,39.9606,30.822,748.4667,467.6183,34.43990000000008,651.525,134.73113514757807,467.6183,782.9066,315.28830000000005,131.38160000000005,627.51699,117.8267115190158,467.6183,782.9066,315.28830000000005,155.38961000000006,651.3262400000001,112.24448941229474,467.6183,845.1495,377.5312,131.58035999999993,662.2587326702032,2037.1572,1430.3058,10.764799999999925,1783.2596400000002,368.5921708270996,1332.5969,2068.3163,735.7194,264.6623599999998,1722.4974699999998,325.0131444369912,1185.2812,2068.3163,883.0351,325.42453000000023,1767.99542,278.980261443445,1185.2812,2093.938,908.6568000000002,279.92658000000006,1787.4836793327222,1260.1406,1135.6746,477.72860000000014,1442.86792,253.32988843248896,1135.6746,1737.8692,602.1946,295.00127999999995,1457.0563100000002,213.67274680253124,1129.1054,1737.8692,608.7638000000002,280.8128899999999,1395.16808,290.2099546691517,952.1611,1899.1616,947.0005,342.7011200000002,1460.1370744833357,703.3101,689.4057,-229.68330000000003,587.66016,106.07087759985288,473.6268,703.3101,229.68330000000003,-114.03336000000002,595.40788,94.80007206590994,473.6268,703.3101,229.68330000000003,-121.78107999999996,590.89744,98.61115543416172,421.2371,736.4698,315.2327,-117.27063999999996,582.453229213202,44.3164,51.8383,-10.223399999999998,45.61118,7.020367824907767,34.093,51.8383,17.745299999999993,-11.51818,47.59176,7.1825405183836,34.093,59.7139,25.6209,-13.498759999999995,49.67341,6.510827874346589,34.093,59.8924,25.7994,-15.58041,46.13553632401805,549.7594,456.8359,-102.4522,509.93658,68.32406915554728,447.3072,608.9794,161.67220000000003,-62.62937999999991,539.7738899999999,98.57264174532467,351.487,635.4344,283.9474,-92.46668999999991,510.7137,103.86170282396048,351.487,635.4344,283.9474,-63.40649999999994,510.9658277348484,7.613,6.5863,-0.9079000000000006,7.715380000000001,1.3975270934761856,6.5863,10.0597,3.4734,-1.0102800000000007,7.95753,1.5304842574601485,6.4282,10.9414,4.513199999999999,-1.2524300000000004,8.241005,1.8588689069247373,5.9366,11.0549,5.1183,-1.5359049999999996,7.898018760881607,473.4208,502.2423,-187.0545,402.4111,112.23139000789848,274.0002,502.2423,228.2421,-116.04479999999997,369.63834,96.77109445250672,262.9371,502.2423,239.3052,-83.27204,377.007285,83.16621859885099,262.9371,502.2423,239.3052,-90.64098499999994,381.3824240064945,46.3005,32.2778,-6.3399,34.8055,8.173550269007974,26.6472,46.3005,19.6533,5.155099999999997,36.12586,9.0448859181062,26.1097,50.2952,24.1855,3.834739999999997,38.721295,8.240481879463308,26.1097,51.0573,24.9476,1.2393050000000017,37.66846924368563,15.2121,29.0529,15.6099,26.30744,6.29253939701613,15.2121,30.822,15.6099,4.514560000000003,24.49571,5.489835781079639,15.2121,30.822,15.6099,6.32629,23.14946,4.718280941011862,15.2121,30.822,15.6099,7.672539999999998,24.667016574464714,11.832159566199232,4.948759890378168,0
5001025,107,0.0010018436462359,0.0002239506725868,100.0,592.6091,700.119,1742.1416,1723.7462,20.0147,14.0491,547.9807,2810.2172,11469.2642,1.2887,53.9949,470.086,3195.8012,6399.9261,8.0665,0.0371,466.3932,2050.5158,100.0283,37.9928,19.0288,456.3005,606.9612,243.81850000000003,631.57958,156.87290107777406,456.3005,861.2441,404.9436,68.53942000000006,630.51169,140.44754332847273,456.3005,861.2441,404.9436,69.60730999999998,645.127675,132.73265426595347,425.3454,861.2441,435.8987,54.99132500000008,641.5439414593792,1424.4605,1763.8796,317.6811,1618.8828,221.0536036262136,1338.3309,1825.6014,487.2705000000001,123.25880000000006,1610.40931,217.6000056505894,1232.8264,1833.2986,600.4722000000002,131.73228999999992,1618.00763,269.0992164133148,1153.683,2086.5593,932.8763,124.13396999999986,1607.0281564262016,1849.5638,1505.0785,-125.81759999999986,1544.58328,243.84754108663188,1243.7731,1849.5638,605.7906999999998,179.16292,1455.8098000000002,240.62006562870056,1180.2304,1849.5638,669.3334,267.9363999999998,1418.56227,279.0408440413021,905.1068,1849.5638,944.457,305.18393000000015,1500.8257034805918,479.4252,665.9503,68.55549999999994,554.0183,73.35908152958956,479.4252,665.9503,186.52509999999995,-6.037599999999998,559.59352,105.65216297390232,419.0562,738.1238,319.0676,-11.612820000000056,571.113155,111.65752380186316,369.9166,741.9546,372.038,-23.13245500000005,555.1398040173221,48.5715,54.3912,5.423400000000001,50.91526,9.640226090865315,35.8516,61.7671,25.9155,3.0796399999999977,52.03135999999999,7.815724552493174,35.8516,61.7671,25.9155,1.963540000000009,50.98359,8.144431075920581,35.8516,62.9425,27.090900000000005,3.0113100000000017,50.58229561235192,577.7605,523.7803,-107.67449999999997,567.21528,72.36892090280934,470.086,655.2972,185.2112,-97.12928,543.5750099999999,103.77470651473192,365.0989,693.3648,328.2659,-73.4890099999999,544.542,92.60189033196149,363.2928,693.3648,330.07199999999995,-74.45600000000002,547.1438389479515,11.3365,7.7764,-3.27,9.285239999999998,1.4433448818629524,7.7764,11.3365,3.5601,-1.2187399999999986,8.056740000000001,1.709970948551142,6.0597,11.3365,5.276799999999999,0.0097599999999982,7.989195,1.4161213943931117,6.0597,11.3365,5.276799999999999,0.0773049999999999,8.517051173070278,356.4792,409.7692,109.914,384.89672,52.815778717510106,340.8249,466.3932,125.56829999999997,81.49647999999996,410.3828,55.78964876755084,340.8249,503.1129,162.288,56.01039999999995,410.35099500000007,66.32414060309745,297.1977,503.1129,205.91520000000003,56.04220499999991,403.9382600916201,33.7685,36.0504,4.2243,39.74316,6.356228472372591,33.7685,50.1439,16.3754,-1.7503600000000006,39.26154,5.85415564159341,31.4765,50.1439,18.6674,-1.268740000000001,36.77696,7.375069434991589,26.6008,50.1439,23.543100000000003,1.21584,38.6004458884634,21.365,27.1537,-2.336199999999998,24.47782,5.0752872861543565,19.0288,31.8463,12.8175,-5.449020000000001,21.76418,4.550579725168113,16.7149,31.8463,15.1314,-2.73538,23.046405,4.148022258539855,16.7149,31.8463,15.1314,-4.017605,22.705721657225308,10.3440804327886,4.68213122712422,0
5001026,94,0.0007393984157648,0.0002514395025938,100.0,554.3082,443.8569,1500.4027,1035.1585,12.0406,28.0091,551.0107,3090.5752,6484.325,1.1378,35.5326,695.053,2095.3722,6446.1211,6.8966,0.031,352.6296,2621.732,90.376,49.3178,21.7688,697.4455,502.9694,-253.58860000000004,643.47284,170.5761150240357,443.8569,866.9952,423.1383,-199.61594,665.74431,154.82893189139406,443.8569,866.9952,423.1383,-221.88741000000005,666.862345,151.2646439500982,393.5539,866.9952,473.4413,-223.005445,653.2156716607811,1999.6982,1685.9029,-499.2955,1621.81078,316.3898130847093,1155.4365,1999.6982,844.2617,-121.40807999999991,1616.0362900000002,344.7029547187534,1141.1849,2040.8893,899.7044000000001,-115.63359000000014,1556.288945,325.0426723671279,1079.7117,2040.8893,961.1776,-55.88624499999992,1626.1616486609828,1390.6778,1365.1112,-355.5193,1342.17718,264.7046888643214,1035.1585,1738.7035,703.5450000000001,-307.0186799999999,1322.95495,261.5114258012671,1035.1585,1738.7035,703.5450000000001,-287.79645000000005,1388.90976,281.2660022355451,938.4761,1846.6555,908.1794,-353.75126,1344.2833435775626,736.9764,664.2019,-185.9657,571.4787200000001,135.80259724912125,385.148,736.9764,351.8284,-20.468020000000024,592.72706,117.33970172079393,385.148,736.9764,351.8284,-41.71636000000001,590.26221,116.83396875253956,385.148,736.9764,351.8284,-39.25150999999994,587.2668267816159,46.4604,47.3142,-10.927799999999998,41.23394,5.862319590230519,34.8981,47.3142,12.4161,-5.701339999999995,44.17737,6.568600493940877,34.8981,58.2501,23.352000000000004,-8.644770000000001,48.63519,8.226839021340618,34.8981,62.2699,27.3718,-13.10259,43.697788777564085,698.6249,624.2948,-3.571900000000028,602.40464,113.7799993229613,422.0163,698.6249,276.6086,92.64836000000004,581.94121,89.43753476014517,422.0163,698.6249,276.6086,113.11179000000004,516.63726,106.97545802860044,373.8557,698.6249,324.7692,178.41574000000003,590.5791707712103,9.9596,8.0447,-3.063,8.000020000000001,1.696012599304614,5.8117,9.9596,4.1479,-1.1034200000000007,7.85094,1.4159085314148347,5.8117,9.9596,4.1479,-0.9543399999999992,8.551905000000001,1.627872511649547,5.6294,10.9383,5.3089,-1.6553050000000011,8.123468164807733,484.7859,515.7033,-132.15630000000004,397.24608,100.5117761572345,273.5287,515.7033,242.1746,-44.61648000000002,385.26319,83.11797708956237,273.5287,515.7033,242.1746,-32.63359000000003,392.314095,78.07275984781914,273.5287,515.7033,242.1746,-39.68449500000003,391.4037952253245,30.8869,33.5036,18.4309,38.84658,7.328814766522624,30.8869,49.3178,18.4309,10.471219999999995,40.48581,6.784333101991502,30.8869,49.3178,18.4309,8.831989999999998,37.393875,7.778263147953769,27.0008,50.2654,23.2646,11.923924999999995,39.38164842632697,29.8458,27.0638,-8.077000000000002,26.91626,3.3235793653830723,21.7688,29.8458,8.077000000000002,-5.147460000000002,25.28049,4.848848351573351,15.329,30.5578,15.2288,-3.511690000000001,25.21973,4.335055630809207,15.329,32.452,17.122999999999998,-3.450930000000003,25.48508733292079,9.69535971483266,4.553876891600541,1
5001027,77,0.0015645260571606,0.0002106334307374,100.0,663.9524,618.1139,1393.9602,1596.4111,13.6696,22.2881,541.0034,2106.5742,8971.475,1.5765,50.5352,484.2573,1863.1975,7476.6451,6.1953,0.0265,269.4022,2605.9542,95.7165,27.4302,26.7146,705.1855,856.224,-87.0716000000001,656.29738,128.5340706953494,544.5558,856.224,311.66820000000007,-38.18348000000003,631.29206,122.38917519987132,458.7966,856.224,397.4274,-13.178160000000048,650.459105,141.10104836888874,437.179,856.224,419.0450000000001,-32.34520500000008,649.5166136223609,1736.3238,1322.1638,-342.3635999999999,1443.82834,173.0595571754069,1313.9216,1736.3238,422.4022,-49.86814000000004,1617.63694,272.5442871227687,1313.9216,2030.8335,716.9119000000001,-223.67673999999988,1625.068735,310.77830057200487,1210.0017,2148.0728,938.0711,-231.10853500000007,1559.689904785092,1006.8918,1369.3611,589.5193,1340.2163,227.02841963032952,1006.8918,1596.4111,589.5193,256.1948,1252.97895,196.33232317077395,977.9449,1596.4111,618.4662000000001,343.4321500000001,1375.285855,273.9971608547922,958.0287,1801.5084,843.4797,221.12524499999995,1341.2805337280686,441.5858,692.143,99.41760000000004,590.4664,101.38084012376332,441.5858,692.143,250.5572,-49.462999999999965,531.05976,115.7191238228939,340.061,692.143,352.08200000000005,9.943640000000071,536.3356799999999,107.9611062449836,340.061,754.8555,414.7945,4.667720000000145,542.5686363046591,54.7303,33.2887,-4.1950999999999965,42.92212,9.631497661682722,33.2887,54.7303,21.4416,7.613080000000004,44.60968,9.23944582991858,33.2887,61.3773,28.0886,5.925519999999999,46.237375,8.392177879297067,33.1347,61.3773,28.2426,4.297825000000003,45.65354801568812,567.4969,361.4592,-83.2396,513.8060600000001,102.29003904077344,361.4592,635.6552,274.196,-29.54876000000013,516.9403,89.85103028534392,361.4592,638.4631,277.00390000000004,-32.68299999999999,530.04394,107.72144164518144,356.5519,694.2617,337.70980000000003,-45.786640000000034,524.9022624361527,9.6702,9.3323,-3.4749,8.09186,1.830889473179636,5.9942,9.6702,3.6759999999999993,-1.896560000000001,7.673260000000001,1.537549471074014,5.6632,9.6702,4.007,-1.4779600000000013,8.056515000000001,1.6009527825230905,5.6514,10.1541,4.5027,-1.8612150000000007,7.997146491060705,381.0171,525.9104,-111.61490000000003,393.59942,100.88856904474852,269.4022,525.9104,256.5082,-124.19721999999996,390.72347,102.9391667879525,269.4022,526.8381,257.43590000000006,-121.32127000000004,389.69365,88.73757728289279,269.4022,526.8381,257.43590000000006,-120.29145,383.7095037474428,48.1701,46.7642,-20.7399,41.72084,9.436605577907772,27.4302,49.4851,22.054900000000004,-14.290639999999996,44.21615,7.181691199965894,27.4302,51.1181,23.6879,-16.78595,43.075415,6.466496166702172,27.4302,51.1181,23.6879,-15.645215,42.00029303656578,24.115,15.1427,2.5996000000000024,21.92358,6.362600276773641,15.1427,28.4626,13.3199,4.791020000000003,21.88382,5.668524562255057,15.1427,28.9635,13.8208,4.830780000000001,22.58052,5.621113550347005,15.1427,32.5516,17.408900000000003,4.134080000000001,23.137992107003186,8.774964387392123,4.356708826689592,0
5001028,136,0.0019544337085803,0.0002267130697329,100.0,611.8301,790.2591,1656.2591,924.2226,13.3331,21.7506,683.6726,2293.0616,11856.5693,1.0407,35.7925,696.9536,2396.7515,6809.5626,6.3696,0.0311,413.5377,1770.0281,132.2073,45.2584,28.6886,696.8525,454.3113,93.40660000000004,639.6125599999999,156.1260708345919,454.3113,790.2591,335.9478,150.64654000000007,623.06174,170.69045787769173,408.9181,826.3661,417.448,167.19736,627.76424,157.6698044107382,406.7876,839.4594,432.6718,162.49486000000002,634.7075399426468,1819.0624,2115.487,-162.80330000000004,1853.87062,176.57667439544807,1656.2591,2115.487,459.2279000000001,-197.61152000000016,1676.39545,265.6297714452264,1260.8194,2115.487,854.6676,-20.13635,1589.11435,345.9964197397979,999.9387,2115.487,1115.5483,67.14474999999993,1715.7386592672829,1933.4875,1180.9073,-1009.2649,1392.58012,391.3044415564211,924.2226,1933.4875,1009.2649,-468.35752,1275.98527,318.28456235526073,914.08,1933.4875,1019.4075,-351.76266999999984,1344.09424,351.2291194980108,863.0201,1933.4875,1070.4674,-419.87163999999984,1335.3972490924525,475.4652,438.6414,208.2074,547.62812,130.54278010969026,438.6414,695.7887,257.1473,136.04448000000002,591.03165,110.27580181227704,438.6414,734.3517,295.7103000000001,92.64094999999998,578.440945,110.76477925605973,375.3247,741.8204,366.4957,105.23165499999992,568.7823191728938,56.3567,39.0377,-20.5642,45.62364,12.8409528605941,34.534,62.3973,27.8633,-9.831140000000005,46.352,10.783707760114575,34.534,62.9174,28.3834,-10.5595,45.780060000000006,9.76309077583854,30.0215,62.9174,32.8959,-9.987560000000007,45.99183874124779,589.0324,704.173,107.9212,616.8964400000001,83.27323364570938,507.1049,704.173,197.0681,80.05715999999995,542.2787999999999,133.60752940003871,342.1799,704.173,361.9931,154.67480000000012,544.058735,115.34562675478864,342.1799,704.173,361.9931,152.8948650000001,568.3095141549016,9.53,6.5046,-3.160399999999999,8.19566,1.655463423939051,6.3696,9.8372,3.467599999999999,-1.82606,8.50153,1.799892018396909,6.3696,11.5126,5.143000000000001,-2.1319300000000005,8.35823,1.981578707442496,5.2336,11.5126,6.279000000000001,-1.9886300000000008,8.156192108468135,462.5503,273.1745,-49.01260000000002,385.01696,117.00254027720084,254.8547,520.9676,266.1129,28.52073999999993,377.26573,97.75926515906365,254.8547,520.9676,266.1129,36.27197000000001,389.03447,91.24931183214532,254.8547,542.1482,287.2935,24.503229999999974,388.93318019490886,42.6704,32.8567,2.588000000000001,39.60732,6.729251305085915,31.8316,45.4195,13.587899999999998,5.65108,40.14365,8.523724268345244,25.2221,53.6136,28.3915,5.114750000000008,39.10081,8.066806335967179,25.2221,53.6136,28.3915,6.157589999999999,39.96465766904286,25.176,21.8992,3.5126000000000026,25.03216,3.783252809818563,20.5861,28.8109,8.224800000000002,3.656440000000004,24.55248,3.704382776837916,19.9417,30.6496,10.7079,4.136120000000002,23.914325,4.103421584851639,16.6296,30.6496,14.02,4.774275000000003,24.610006934028164,11.6619037896906,4.919980925828125,0
5001029,62,0.0016645793166006,0.0003624527917565,100.0,728.6551,847.6211,1111.8169,1943.7018,10.5594,23.0909,625.6787,1725.0983,6478.6017,1.4008,32.6733,498.7597,2225.1057,7379.6417,10.3913,0.0182,391.2888,1789.0663,116.8941,26.6741,23.2291,838.9299,395.6129,8.69119999999998,722.76308,187.5461718445404,395.6129,847.6211,452.00819999999993,124.85802,713.69723,173.34370532236446,395.6129,890.1231,494.5102,133.92386999999997,694.692875,155.77707116350558,395.6129,890.1231,494.5102,152.928225,730.9733657352258,1500.6379,2050.3716,-388.8209999999999,1678.5190199999995,405.1847702942538,1111.8169,2084.1643,972.3474,-566.7021199999997,1626.55421,387.1520707388377,1072.1457,2107.9925,1035.8467999999998,-514.73731,1581.255855,402.0876070044049,915.7921,2168.0107,1252.2185999999997,-469.4389549999999,1591.159292713823,1701.4156,1569.3683,242.2862,1540.9877,327.6977382411491,1063.7429,1943.7018,879.9589000000001,402.7140999999999,1488.09563,358.90348326537924,923.7855,1943.7018,1019.9163,455.60617,1475.414895,338.3708454247929,923.7855,1943.7018,1019.9163,468.28690499999993,1537.05161272376,695.0209,750.8164,-69.34219999999993,668.41526,82.7688352551425,546.1661,750.8164,204.6503,-42.73655999999994,584.5041200000001,134.6981819787468,376.9799,750.8164,373.83650000000006,41.17457999999999,557.498265,124.67554574210136,376.9799,770.7717,393.7918,68.1804350000001,606.1133479638961,62.3998,58.9075,-29.7265,45.70086,14.503488067116816,31.0981,62.3998,31.3017,-13.02756,46.85565,12.265205091844154,31.0981,62.3998,31.3017,-14.18235,48.58570999999999,11.945982125247676,31.0934,63.3311,32.237700000000004,-15.912409999999994,46.61023092716597,661.9477,690.4198,-163.18800000000005,574.5732,135.44095726788112,372.2003,690.4198,318.2195,-75.81350000000003,539.4997500000001,125.71261776174924,350.742,690.4198,339.6778,-40.74005000000005,532.504225,118.68271627483728,317.5656,690.4198,372.8542,-33.74452500000001,540.9301927373007,6.6757,8.9493,3.7155999999999993,8.0731,1.6029103951874546,6.6416,10.3913,3.749699999999999,2.318199999999999,8.61249,1.7592726681785251,6.4966,11.7229,5.226299999999999,1.77881,8.32621,1.9732760801053133,5.3066,11.7264,6.4198,2.06509,8.355643023512718,434.9253,428.7044,-43.63650000000001,380.5147,75.366878658566,250.0205,434.9253,184.9048,10.774099999999976,393.91595,77.67061787524788,250.0205,533.8303,283.8098,-2.6271500000000287,374.67757,73.92077114591287,248.2806,533.8303,285.5497,16.611230000000035,394.6522226081542,32.7463,26.1588,-6.072199999999999,36.46436,11.210416071136702,26.1588,49.6491,23.4903,-9.79026,37.06934,10.641956110623855,24.069,49.6491,25.5801,-10.395239999999998,38.23225,10.139244222145733,24.069,50.7653,26.696300000000004,-11.55815,36.564400508697474,29.318,19.9294,-6.088900000000002,24.87488,4.652521072171527,19.9294,30.2715,10.3421,-1.645780000000002,26.3648,4.389375863757088,19.9294,31.8365,11.9071,-3.1357000000000035,25.64915,4.463773834171211,16.8039,31.8365,15.032600000000002,-2.42005,25.627791273293585,7.874007874011811,4.143134726391533,1
5010001,118,0.0,-0.0,100.0,518.29,649.26,1616.19,1431.09,14.62,21.64,553.99,2387.18,9046.11,1.3,48.07,520.88,2388.75,8134.94,8.5,0.03,391.11,2390.5,99.93,38.86,23.36,652.89,655.14,-3.629999999999996,653.42,3.339603269851661,649.26,658.04,8.779999999999973,-4.159999999999968,651.9290000000001,3.235485366299996,648.35,658.04,9.68999999999994,-2.6690000000000964,652.5355000000001,3.0369054107242475,648.35,658.04,9.68999999999994,-3.275500000000079,652.3911655846074,1605.16,1625.14,11.029999999999973,1616.328,7.528191681939844,1605.16,1625.14,19.980000000000015,-0.1379999999999199,1617.823,6.083177258276732,1605.16,1625.14,19.980000000000015,-1.6330000000000382,1614.052,8.182041696046003,1597.88,1625.14,27.25999999999999,2.13799999999992,1615.5399225944411,1438.85,1433.81,-7.759999999999991,1437.4540000000002,4.8260781178974765,1431.09,1442.18,11.090000000000146,-6.36400000000026,1431.121,9.237805715885711,1415.08,1442.18,27.100000000000136,-0.030999999999949,1427.2435,9.36935894847004,1414.37,1442.18,27.810000000000173,3.846499999999878,1431.7829643885864,551.28,553.46,2.7100000000000364,553.0780000000001,1.436791564563051,551.28,554.73,3.450000000000045,0.9119999999999208,553.1659999999999,1.4135471536369109,551.19,555.5,4.309999999999945,0.8240000000000691,553.193,1.1168946611969646,551.19,555.5,4.309999999999945,0.7970000000000255,553.0646675319381,48.14,48.42,-0.0700000000000002,48.178,0.1466969665666754,48.06,48.42,0.3599999999999994,-0.108000000000004,48.163,0.2043444803920077,47.76,48.5,0.740000000000002,-0.0929999999999964,48.187,0.1862963117979437,47.76,48.5,0.740000000000002,-0.1169999999999973,48.159366754949325,520.22,520.12,0.6599999999999682,520.58,0.3873628789638521,520.12,520.97,0.8500000000000227,0.2999999999999545,521.262,1.0203681252917716,520.12,523.36,3.240000000000009,-0.3819999999999481,521.2665,0.9430983372291404,520.03,523.36,3.330000000000041,-0.3864999999999554,520.9766193414754,8.45,8.48,0.0500000000000007,8.45,0.0406201920231565,8.41,8.5,0.0899999999999998,0.0500000000000007,8.464,0.0457529598314039,8.4,8.54,0.1399999999999988,0.0359999999999995,8.459999999999999,0.0490971110737538,8.38,8.54,0.1599999999999983,0.0400000000000009,8.459233672304308,392.34,390.57,-1.2299999999999611,391.522,0.6883821613030962,390.57,392.34,1.7699999999999818,-0.4119999999999777,392.013,0.7183785755280013,390.57,392.81,2.240000000000009,-0.90300000000002,391.972,0.7522639514370448,390.36,393.43,3.069999999999993,-0.8620000000000232,391.78054902990993,38.83,38.92,0.0300000000000011,38.872,0.0342052627528906,38.83,38.92,0.0900000000000034,-0.0120000000000004,38.867,0.0834066344283532,38.72,38.98,0.259999999999998,-0.0069999999999978,38.877,0.075609801648088,38.72,39.0,0.2800000000000011,-0.0169999999999959,38.86531059938565,23.33,23.3,0.0300000000000011,23.312,0.0370135110466934,23.26,23.36,0.0999999999999978,0.0479999999999982,23.318,0.0426354052141848,23.26,23.38,0.1199999999999974,0.0420000000000015,23.328,0.0377805296555296,23.26,23.4,0.139999999999997,0.032,23.321918102792228,10.862780491200215,4.77912349311153,1
5010002,118,-0.0,0.0,100.0,518.39,652.63,1612.65,1421.37,14.63,21.6,554.97,2385.66,9047.8,1.3,48.18,522.83,2387.41,8113.54,8.5,0.03,390.29,2378.13,99.96,39.13,23.36,661.02,656.29,-8.389999999999986,655.4399999999999,5.410919515204677,647.68,661.02,13.340000000000032,-2.809999999999945,655.775,4.107154327102628,647.68,661.02,13.340000000000032,-3.144999999999982,654.442,3.9361624378150144,647.02,661.02,14.0,-1.812000000000012,655.1347458178676,1619.35,1615.18,-6.699999999999818,1623.312,10.701893290444554,1612.65,1636.05,23.399999999999864,-10.662000000000036,1623.39,8.031637442014466,1612.65,1636.05,23.399999999999864,-10.739999999999782,1619.4725,9.228555726087055,1603.21,1636.05,32.83999999999992,-6.822499999999991,1621.2087119863843,1438.19,1423.64,-16.820000000000164,1429.472,6.878620501230458,1421.37,1438.19,16.820000000000164,-8.10200000000009,1428.365,5.572063750936042,1419.97,1438.19,18.220000000000027,-6.995000000000118,1425.3755,7.627518376180202,1408.35,1438.19,29.840000000000146,-4.005499999999984,1427.8751744963238,553.35,552.95,1.6200000000000043,554.118,0.947032206421622,552.95,555.06,2.1099999999999,0.8519999999999754,554.313,0.9360680174717868,552.95,556.01,3.059999999999945,0.6570000000000391,554.316,0.9041914096380128,552.92,556.01,3.090000000000032,0.6539999999999964,554.2782218584563,47.75,48.05,0.4299999999999997,47.922,0.3891914695878554,47.33,48.3,0.9699999999999988,0.2580000000000026,47.879,0.3507594934171992,47.33,48.4,1.0700000000000005,0.3010000000000019,47.858,0.2774811515646692,47.33,48.4,1.0700000000000005,0.3220000000000027,47.91892118814269,521.77,522.48,1.0600000000000591,522.676,0.5775205624045763,521.77,523.18,1.4099999999999682,0.1539999999999963,522.6289999999999,0.9649807136813812,520.81,523.98,3.1700000000000728,0.2010000000001355,522.5585,0.8030814011308263,520.81,523.98,3.1700000000000728,0.27150000000006,522.5205080449629,8.57,8.4,-0.0700000000000002,8.484,0.0610737259384233,8.4,8.57,0.1699999999999999,0.016,8.459,0.0604520011616398,8.38,8.57,0.1899999999999995,0.0410000000000003,8.4605,0.0495745053323602,8.38,8.57,0.1899999999999995,0.0395000000000003,8.477325203410667,390.96,389.51,-0.6699999999999591,389.824,0.9240833295759184,388.48,390.96,2.4799999999999613,0.4660000000000082,389.985,0.7642461790692129,388.48,390.96,2.4799999999999613,0.3050000000000068,389.92,0.7322927226040344,388.48,391.08,2.599999999999966,0.3700000000000614,390.02606786429806,39.22,39.25,-0.0899999999999963,39.232,0.0626099033699681,39.13,39.29,0.1599999999999966,-0.1019999999999967,39.207,0.0784644293082384,39.08,39.29,0.2100000000000008,-0.0769999999999981,39.1835,0.0650728336881915,39.08,39.29,0.2100000000000008,-0.0534999999999925,39.20300391425703,23.37,23.27,-0.0100000000000015,23.318,0.0544977063737522,23.25,23.37,0.120000000000001,0.041999999999998,23.296,0.0464758001544895,23.24,23.37,0.1300000000000025,0.064,23.286,0.0501996015920374,23.19,23.37,0.1799999999999997,0.073999999999998,23.310140414774462,10.862780491200215,4.77912349311153,1
5010003,118,-0.0,0.0,100.0,520.11,640.73,1593.84,1396.25,14.64,21.67,549.82,2387.83,9043.55,1.3,47.16,520.46,2382.34,8140.62,8.49,0.03,393.03,2386.91,99.6,39.05,23.45,639.22,641.61,1.509999999999991,640.7719999999999,1.108183197850971,639.22,642.02,2.7999999999999545,-0.0419999999999163,641.224,0.8940072085219662,639.22,642.11,2.8899999999999864,-0.4940000000000282,641.6625,1.2773487138767703,639.22,644.33,5.110000000000014,-0.9325000000000044,641.0609422821693,1583.49,1592.56,10.349999999999907,1588.8,4.378395824957179,1583.49,1593.84,10.349999999999907,5.039999999999964,1590.0759999999998,4.100257986463245,1583.49,1596.78,13.289999999999964,3.764000000000124,1589.483,3.505925960727981,1583.49,1596.78,13.289999999999964,4.356999999999971,1589.6245911039296,1400.18,1401.48,-3.930000000000064,1400.196,3.126776295164173,1396.25,1404.56,8.309999999999945,-3.94600000000014,1401.605,2.673346841195747,1396.25,1404.62,8.36999999999989,-5.355000000000018,1400.799,2.4731716266239685,1396.25,1404.62,8.36999999999989,-4.548999999999978,1400.5758287370336,556.22,555.03,-6.399999999999977,553.738,2.418443714458006,549.82,556.22,6.399999999999977,-3.9180000000000064,554.2320000000001,1.7133385213928032,549.82,556.22,6.399999999999977,-4.412000000000035,554.3175,1.3630610867880095,549.82,556.22,6.399999999999977,-4.497499999999945,553.8965789369611,47.01,46.96,0.1499999999999985,47.06,0.0833666600026814,46.96,47.16,0.1999999999999957,0.0999999999999943,47.03,0.0787400787401219,46.94,47.16,0.2199999999999988,0.1300000000000025,47.0005,0.0789053396899037,46.84,47.16,0.3199999999999932,0.1594999999999942,47.04177376376148,522.92,520.32,-2.4599999999999227,521.234,1.3534696154699364,520.0,522.92,2.919999999999959,-0.7740000000000009,521.4060000000001,1.271807113257724,519.54,523.0,3.4600000000000364,-0.9460000000000264,521.1015,1.1622087637453893,519.12,523.0,3.879999999999996,-0.6414999999999509,521.2522750439709,8.44,8.47,0.0500000000000007,8.468,0.0178885438199918,8.44,8.49,0.0500000000000007,0.0220000000000002,8.467000000000002,0.0156702123647234,8.44,8.49,0.0500000000000007,0.0229999999999979,8.4745,0.0163755273117189,8.44,8.5,0.0600000000000005,0.0154999999999994,8.469681787693217,392.03,393.13,1.0,392.814,0.4740042193908696,392.03,393.17,1.1400000000000432,0.2160000000000081,392.973,0.7266521405275724,392.03,394.62,2.590000000000032,0.0569999999999595,392.8495,0.783913764054285,390.83,394.62,3.790000000000021,0.180499999999995,392.8806132107917,38.87,39.07,0.1799999999999997,39.028,0.0923038460737286,38.87,39.11,0.240000000000002,0.0219999999999984,39.002,0.0749518363869478,38.87,39.11,0.240000000000002,0.0480000000000018,39.0125,0.0618891198668635,38.87,39.11,0.240000000000002,0.0374999999999943,39.00898591477444,23.42,23.46,0.0299999999999975,23.432,0.0506951674225369,23.35,23.48,0.129999999999999,0.0179999999999971,23.427,0.0551865523072084,23.35,23.5,0.1499999999999985,0.0229999999999996,23.416,0.0556681899150805,23.28,23.5,0.2199999999999988,0.0339999999999989,23.424694865407854,10.862780491200215,4.77912349311153,0
5010004,110,0.0,-0.0,100.0,519.43,643.78,1586.91,1402.94,14.64,21.63,553.16,2388.79,9052.97,1.3,47.94,521.76,2392.7,8118.79,8.38,0.03,391.81,2385.63,99.74,38.78,23.3,641.71,641.05,2.0699999999999363,641.692,1.2146686791057646,640.79,643.78,2.990000000000009,2.087999999999965,641.816,1.2384955030642897,640.79,644.02,3.230000000000018,1.9639999999999416,642.004,1.060145968102893,640.34,644.02,3.67999999999995,1.7759999999999536,641.9602991108087,1591.5,1590.79,-4.589999999999918,1590.242,3.311777468369745,1586.91,1594.86,7.949999999999818,-3.33199999999988,1590.027,3.179088094267275,1584.43,1594.86,10.429999999999836,-3.116999999999962,1589.946,2.820724804203999,1584.43,1594.86,10.429999999999836,-3.036000000000058,1590.215589498101,1405.42,1403.67,-2.480000000000018,1404.108,0.913602758315506,1402.94,1405.42,2.480000000000018,-1.167999999999893,1403.59,1.8281077040966056,1400.61,1406.96,6.350000000000136,-0.650000000000091,1404.3380000000002,2.981295373702987,1398.98,1410.59,11.6099999999999,-1.3980000000001382,1403.7853225511897,552.16,554.52,1.0,553.614,0.981621108168653,552.16,554.52,2.3600000000000136,-0.4540000000000646,554.1009999999999,0.8789318011709423,552.16,555.0,2.840000000000032,-0.9409999999999172,554.2305,0.8789016770352643,552.16,556.48,4.32000000000005,-1.0705000000000382,553.8429710272054,47.8,47.79,0.1400000000000005,47.83,0.0714142842854346,47.76,47.94,0.1799999999999997,0.1099999999999994,47.801,0.0833266663999777,47.63,47.94,0.3099999999999951,0.1389999999999958,47.805,0.0874492333931563,47.63,47.95,0.3200000000000003,0.134999999999998,47.82214741634807,522.53,522.4,-0.7699999999999818,521.392,1.1848080013235105,520.07,522.53,2.4599999999999227,0.3679999999999381,521.648,0.9941361409114802,520.07,522.89,2.8199999999999363,0.1119999999999663,521.885,1.0716956559338426,520.07,524.5,4.42999999999995,-0.125,521.7327227318763,8.4,8.37,-0.0199999999999995,8.376,0.0151657508881113,8.36,8.4,0.0400000000000009,0.0040000000000013,8.366999999999999,0.0188856206322891,8.34,8.4,0.0600000000000005,0.0130000000000016,8.366,0.018750438591364,8.34,8.4,0.0600000000000005,0.0140000000000011,8.371400736521979,392.6,390.9,-0.7900000000000205,391.65,0.6325345840343738,390.9,392.6,1.7000000000000457,0.160000000000025,391.682,0.5139130925230334,390.9,392.6,1.7000000000000457,0.1279999999999859,391.9025,0.63510359701972,390.89,393.35,2.4600000000000364,-0.0925000000000295,391.7728420428787,38.98,38.78,-0.1999999999999957,38.844,0.0820365772079778,38.78,38.98,0.1999999999999957,-0.064,38.811,0.0730981075906787,38.71,38.98,0.269999999999996,-0.0309999999999988,38.819,0.0761508198801703,38.69,38.98,0.2899999999999991,-0.0390000000000014,38.82436448344607,23.33,23.44,-0.0299999999999975,23.36,0.0552268050859405,23.3,23.44,0.1400000000000005,-0.0599999999999987,23.339,0.0578215646046792,23.25,23.44,0.1900000000000012,-0.0390000000000014,23.325,0.0503147984927731,23.25,23.44,0.1900000000000012,-0.0249999999999985,23.334964441108333,10.488088481701515,4.709530201312334,0
5010005,109,-0.0,-0.0,100.0,518.49,641.78,1587.67,1398.99,14.6,21.52,554.36,2383.76,9030.93,1.3,47.33,522.17,2382.24,8137.04,8.44,0.03,394.19,2380.17,100.28,39.06,23.42,643.62,640.95,-1.840000000000032,642.092,1.0488422188299835,640.95,643.62,2.669999999999959,-0.3120000000000118,642.251,0.8952771141443561,640.95,643.62,2.669999999999959,-0.4710000000000036,642.3655,0.7510517187321135,640.95,643.62,2.669999999999959,-0.5855000000000246,642.2905137811044,1588.55,1586.04,-0.8799999999998818,1587.35,1.5823242398436923,1585.41,1589.08,3.669999999999845,0.3200000000001637,1586.5310000000002,2.879492432124941,1580.87,1589.97,9.100000000000136,1.1389999999998963,1586.7125,3.0446724393861064,1580.87,1593.63,12.760000000000218,0.9574999999999818,1587.047511056224,1404.08,1400.7,-5.089999999999918,1401.0579999999998,2.07681727650748,1398.99,1404.08,5.089999999999918,-2.0679999999997563,1400.923,2.450746144884906,1397.73,1405.29,7.559999999999945,-1.9329999999999927,1400.9035,2.7911632643795565,1397.23,1405.29,8.059999999999945,-1.9134999999998852,1401.0109933821254,553.13,554.67,1.2300000000000182,554.048,1.096799890591163,552.72,555.36,2.6399999999999864,0.3120000000000118,554.2909999999999,1.0758815506882689,552.72,556.03,3.309999999999945,0.0690000000000736,553.94,0.9786940815512096,552.54,556.03,3.490000000000009,0.4199999999999591,554.0852724512054,47.47,47.52,-0.1400000000000005,47.424,0.1016366075781477,47.3,47.52,0.2200000000000059,-0.0940000000000012,47.386,0.0903327183250841,47.29,47.52,0.2300000000000039,-0.0560000000000044,47.3905,0.1001827277896201,47.18,47.55,0.3699999999999974,-0.0605000000000046,47.40283553431988,521.87,521.99,0.2999999999999545,521.9499999999999,0.1412444689183766,521.8,522.17,0.3700000000000045,0.2200000000000272,522.087,0.4741319553782744,521.41,523.22,1.8100000000000591,0.0829999999999699,521.7805,0.6732050207772281,520.2,523.22,3.019999999999982,0.3894999999999982,521.9930173123176,8.47,8.43,-0.0300000000000011,8.447999999999999,0.0164316767251522,8.43,8.47,0.0400000000000009,-0.0079999999999991,8.459,0.0191195071996013,8.43,8.49,0.0600000000000005,-0.0190000000000001,8.4555,0.0184889725313009,8.42,8.49,0.0700000000000002,-0.0155000000000011,8.453443967572573,393.47,393.52,0.7199999999999704,393.692,0.3179937106295792,393.45,394.19,0.7400000000000091,0.4979999999999904,393.292,0.6778364273351397,392.15,394.19,2.0400000000000205,0.8980000000000246,393.105,0.6849087530468058,391.73,394.32,2.589999999999975,1.0850000000000364,393.45958755519,39.1,39.19,-0.0399999999999991,39.124,0.06655824516917,39.06,39.2,0.1400000000000005,-0.064,39.101,0.079923574605845,38.98,39.23,0.25,-0.0409999999999968,39.1205,0.0795695657237942,38.98,39.24,0.2600000000000051,-0.0604999999999975,39.1046829970494,23.35,23.4,0.0700000000000002,23.378,0.037013511046643,23.33,23.42,0.0900000000000034,0.0420000000000015,23.363000000000003,0.0432177946889663,23.3,23.42,0.120000000000001,0.0569999999999986,23.3815,0.0516338322379706,23.3,23.49,0.1899999999999977,0.0385000000000026,23.37599872597708,10.44030650891055,4.700480365792417,0
5001000,73,0.0006338757954334,0.0002929455364747,100.0,494.7519,642.6554,1617.1363,1467.8684,14.2884,22.5462,547.3297,2337.9023,9147.6505,1.3481,45.4128,519.1195,2493.0322,7867.6677,8.3398,0.0315,388.5303,2471.3496,101.957,39.618,23.0027,652.3097,628.1928,-9.654300000000035,637.7972,13.30884357241419,619.9844,652.3097,32.32529999999997,4.858200000000011,643.31403,15.028907358823927,619.9844,665.088,45.103599999999915,-0.6586300000000165,638.6009,17.939867336920884,610.4046,665.088,54.683400000000006,4.054499999999962,640.029822179396,1633.853,1536.1591,-16.716700000000174,1602.98148,41.90165747159769,1536.1591,1638.0334,101.87429999999995,14.154819999999972,1590.21932,41.487517196776786,1536.1591,1639.7118,103.55269999999996,26.916979999999967,1588.599495,40.14546051742631,1516.0667,1639.7118,123.64509999999996,28.53680499999996,1597.239626292186,1402.0794,1431.8593,65.78899999999999,1406.1303,45.14338273440609,1354.8675,1467.8684,113.0009,61.73810000000003,1409.2003,33.61549288864673,1354.8675,1467.8684,113.0009,58.668100000000095,1412.360625,37.51506010232345,1354.8675,1469.3562,114.48869999999988,55.50777500000004,1414.1962772965846,536.7048,561.6328,10.624900000000025,557.6773800000001,15.44061154251987,536.7048,574.2463,37.54150000000004,-10.347680000000082,555.91212,16.21568576881315,533.0242,574.2463,41.22210000000007,-8.582419999999956,551.118555,16.513723373940444,527.9682,576.8437,48.87549999999999,-3.7888550000000123,553.0357963525946,45.1083,49.7231,0.30449999999999733,46.89828,2.1103792045506946,45.1083,49.7231,4.6148000000000025,-1.4854800000000026,47.57421,1.6834310430057924,45.1083,49.7231,4.6148000000000025,-2.1614100000000036,47.52133,1.5597554643361056,45.1083,49.8299,4.721600000000002,-2.108530000000002,47.15571255306613,535.4345,506.8235,-16.31499999999994,518.89092,15.050176608997482,501.1178,535.4345,34.31669999999997,0.22857999999996537,518.35219,14.587085497296572,495.7788,540.5521,44.773300000000006,0.7673100000000659,516.79609,15.630560222101135,495.7788,544.9382,49.15940000000006,2.323409999999967,518.9970652304924,8.2199,8.5756,0.11989999999999945,8.51474,0.23996831665868057,8.2199,8.8321,0.6121999999999996,-0.17493999999999943,8.488240000000001,0.19540317977624355,8.2199,8.8321,0.6121999999999996,-0.1484400000000008,8.492255,0.21780897104670072,8.1595,8.8404,0.6809000000000012,-0.15245499999999979,8.464653128199945,407.0707,382.8277,-18.540399999999977,396.64036,10.864058130735577,382.8277,407.0707,24.242999999999995,-8.110059999999976,394.20302000000004,13.170744545460467,375.3662,409.085,33.71879999999999,-5.672720000000027,396.521595,12.922942382138904,373.6452,411.1302,37.485000000000014,-7.99129499999998,395.20908100356803,38.9416,38.113,0.676400000000001,39.240899999999996,0.7235852679539482,38.113,39.9056,1.7926000000000002,0.37710000000000576,39.24091,1.0671379619753405,37.3331,40.8685,3.5353999999999957,0.3770900000000026,39.34954,0.9476903232818805,37.3331,40.8685,3.5353999999999957,0.2684600000000046,39.341923992999504,22.2792,23.9731,0.7235000000000014,23.14912,0.6076870962921582,22.2792,23.9731,1.6938999999999993,-0.1464199999999991,23.204770000000003,0.551488315681607,22.2792,23.9731,1.6938999999999993,-0.20207000000000264,23.43764,0.7160324363426127,22.2792,24.5592,2.280000000000001,-0.43493999999999744,23.131443022405286,8.54400374531753,4.30406509320417,0
5001001,88,0.0018868833223716,0.0003585946070064,100.0,510.6551,641.2902,1644.1365,1343.1154,14.4909,20.8479,576.4625,2290.0464,8647.9098,1.2873,49.4189,529.62,2431.4666,8236.8736,8.4429,0.0307,375.5708,2262.7799,102.7433,39.7135,22.2615,639.5145,669.4518,1.775700000000029,638.33944,20.577999875182673,613.8325,669.4518,55.61930000000007,2.9507600000000593,643.4931300000001,18.419220506914144,613.8325,669.4518,55.61930000000007,-2.2029300000000376,643.791115,17.78077425033398,609.6624,672.0476,62.38519999999994,-2.5009149999999636,641.2987516960825,1566.3501,1577.3405,77.78639999999996,1586.38942,55.14314905958039,1509.075,1644.1365,135.06150000000002,57.747080000000096,1588.56893,39.665510664052924,1509.075,1644.1365,135.06150000000002,55.56757000000016,1592.47035,46.921786278214014,1509.075,1687.9099,178.83490000000006,51.666150000000016,1590.8148612965817,1416.4069,1351.8648,-73.29150000000004,1408.93452,59.80416616053565,1343.1154,1467.2459,124.13049999999998,-65.81912000000011,1398.30163,45.588808027630066,1343.1154,1467.2459,124.13049999999998,-55.18623000000002,1394.92296,47.20708929704674,1330.923,1478.7417,147.81870000000004,-51.807560000000194,1399.2397768328437,566.9756,578.6591,9.486899999999991,558.28034,23.178460812854084,524.3834,578.6591,54.275699999999915,18.182159999999953,557.5316399999999,19.312914618761138,524.3834,578.6591,54.275699999999915,18.930860000000052,558.81015,17.34316948097413,524.3834,586.4316,62.04819999999995,17.652349999999956,560.5945391038499,45.1791,49.2714,4.2398000000000025,47.729380000000006,2.039008356284986,45.1791,49.4189,4.2398000000000025,1.6895199999999946,47.49584,1.8532740873024331,45.1791,49.5883,4.4091999999999985,1.9230599999999995,47.236785,1.6889382928726477,45.1791,49.6108,4.431699999999999,2.182115000000003,47.44841274103406,531.1755,547.2433,-1.5555000000000518,537.41616,8.013799846389912,529.62,547.2433,17.623299999999972,-7.796159999999986,523.10051,18.29914450164574,494.9409,547.2433,52.30239999999998,6.519490000000019,524.8570100000001,15.427182391920397,494.9409,547.2433,52.30239999999998,4.762989999999945,527.7975562307397,8.1401,8.6796,0.3027999999999995,8.33192,0.22760664972710545,8.1401,8.6796,0.5395000000000003,0.11097999999999963,8.46571,0.25780152335555406,8.1401,8.7981,0.6579999999999995,-0.022809999999999775,8.494185,0.25061423128196925,7.9871,8.7981,0.8109999999999999,-0.051285000000000025,8.423836911505829,372.5158,393.104,3.055000000000007,386.35425999999995,12.758002813842051,372.5158,403.5974,31.08159999999998,-10.783459999999934,388.40194,13.485009117468838,371.5406,407.1203,35.5797,-12.831140000000005,388.84210500000006,13.299011345307028,370.666,407.1203,36.45429999999999,-13.27130500000004,386.2958460218581,38.9529,38.6421,0.7606000000000037,38.77628,0.6938499275779789,37.7774,39.7135,1.9361000000000033,0.9372200000000035,39.013850000000005,1.1365924875599736,36.9912,40.7088,3.7175999999999974,0.6996499999999983,38.79945,1.1157375990796374,36.9726,40.7207,3.748100000000001,0.9140500000000031,38.98095689756854,23.4022,23.6681,-1.140699999999999,23.24266,0.8507736908250125,22.2615,24.3484,2.0869,-0.9811599999999991,23.44343,0.8127667508099783,22.2615,24.7968,2.5352999999999994,-1.1819299999999977,23.43526,0.7249523987277068,22.2615,24.7968,2.5352999999999994,-1.173759999999998,23.28621059592262,9.38083151964686,4.48863636973214,0
5001002,144,0.0006432080137482,0.0003395130925158,100.0,532.5083,642.99,1642.4803,1452.2658,14.6412,21.8888,524.0395,2265.0867,9404.3148,1.2903,48.243,526.1544,2345.8926,8197.6125,8.2228,0.0301,405.1741,2471.558,101.3141,37.6538,23.7465,677.5465,659.9363,-34.55650000000003,654.58108,18.32686093557772,630.1989,677.5465,47.34760000000006,-11.591080000000034,645.85229,18.644662288854665,617.7057,677.5465,59.84080000000006,-2.86229000000003,647.220255,21.250386728604248,616.1107,681.8153,65.70460000000003,-4.230254999999943,651.5729477092601,1584.4009,1600.4026,58.07939999999985,1602.2489799999998,45.54358400803603,1536.5483,1647.4128,110.86450000000013,40.231320000000096,1596.25681,37.961733954264744,1536.5483,1647.4128,110.86450000000013,46.223489999999856,1584.158405,50.51774468296383,1476.845,1687.7646,210.91959999999995,58.32189500000004,1597.6196807788451,1332.1782,1327.1108,120.08759999999984,1383.82908,56.98194472696707,1327.1108,1452.2658,125.15499999999997,68.43671999999992,1385.4886700000002,46.541146264211385,1325.2825,1452.2658,126.98329999999987,66.77712999999972,1391.7002349999998,48.47053376587349,1325.2825,1482.1759,156.89339999999993,60.565565000000106,1387.0227697073974,550.6963,574.3033,-26.656799999999976,546.04014,19.093396831967706,524.0395,574.3033,50.26380000000006,-22.000639999999976,555.7478,21.261025882951937,524.0395,593.6376,69.59810000000004,-31.70830000000001,550.141895,19.023174265629134,518.9025,593.6376,74.73509999999999,-26.102395,549.3813928887191,48.9301,48.6838,-0.6871000000000009,48.3952,1.122556241352719,46.5725,49.5466,2.9741,-0.15220000000000056,47.41105,1.3723549777663069,45.2231,49.5466,4.323499999999996,0.8319499999999991,47.40922,1.4866051539630403,44.7432,49.7568,5.013599999999997,0.8337800000000044,47.77736642811083,525.5389,514.8491,0.6154999999999973,524.29,5.929395998750594,514.8491,531.0901,16.240999999999985,1.864400000000046,527.7729400000001,12.643683218570631,510.6621,553.0006,42.338499999999954,-1.6185400000000527,529.22383,16.23822794292624,506.7975,560.6231,53.82560000000001,-3.069430000000011,526.7858535228554,8.006,8.3813,0.21679999999999922,8.3416,0.24266414032567207,8.006,8.652,0.645999999999999,-0.11880000000000024,8.457930000000001,0.2258451094100653,8.006,8.7893,0.7833000000000006,-0.23513000000000162,8.409119999999998,0.24861718744836406,7.9054,8.7893,0.8839000000000006,-0.1863199999999985,8.373439040858834,392.2111,391.0143,12.963000000000022,393.4878,8.802828756143898,381.3298,405.1741,23.844300000000032,11.686300000000017,394.10706,11.66078735136593,369.3061,406.0079,36.70179999999999,11.06704000000002,392.693685,12.333741491716916,369.3061,412.9791,43.673,12.480414999999994,394.38036360967567,36.9114,38.6078,0.7423999999999964,38.371179999999995,1.2422843482874102,36.9114,40.2327,3.321300000000001,-0.7173799999999986,39.23897,1.4585188225273686,36.9114,41.4508,4.5394000000000005,-1.585170000000005,39.137029999999996,1.2998445142238622,36.9114,41.4508,4.5394000000000005,-1.483229999999999,38.834458324822464,22.6715,24.2435,1.0749999999999993,23.6379,0.7096294068032837,22.6715,24.3428,1.6712999999999987,0.1086000000000027,23.4291,0.8773878934402682,21.7881,24.6428,2.854700000000001,0.3174000000000028,23.34518,0.8136508235950133,21.7881,24.6428,2.854700000000001,0.4013200000000019,23.50441267980522,12.0,4.976733742420574,1
5001003,125,0.00101535190228,0.0003226157560891,100.0,555.9478,685.8407,1627.1412,1449.5046,14.4254,22.4084,572.0497,2453.2022,9462.7436,1.2395,50.9431,526.1435,2422.6679,7985.5225,7.9483,0.0324,406.5242,2584.8951,100.1548,38.0814,23.9901,646.0817,638.1155,39.759000000000015,653.55576,18.822957894231,638.1155,685.8407,47.72519999999997,32.284940000000006,649.07451,22.449382611478345,604.5092,685.8407,81.3315,36.76618999999994,643.9602,20.880295187946704,604.5092,685.8407,81.3315,41.880499999999984,653.2748573679492,1651.3422,1627.5115,-24.201000000000022,1621.89876,20.983686756455473,1598.3312,1651.3422,53.01099999999997,5.242439999999988,1612.73769,33.10410806516181,1544.7771,1659.0622,114.28510000000006,14.403510000000097,1613.8080800000002,46.404821191513705,1544.7771,1723.5603,178.78320000000008,13.33311999999978,1619.3515348391613,1482.0276,1426.6513,-32.52299999999991,1455.6413799999998,24.080799893733115,1426.6513,1482.0276,55.3762999999999,-6.136779999999817,1442.36578,61.02575129831655,1289.2172,1497.8911,208.6739,7.138819999999896,1423.723055,56.82499027302078,1289.2172,1497.8911,208.6739,25.78154500000005,1445.1383621111306,571.8813,559.9092,0.16840000000001965,555.61382,17.650796130118287,535.0493,572.0497,37.00040000000001,16.435879999999997,560.03207,18.978707391240512,535.0331,593.9781,58.94500000000005,12.017630000000054,556.55253,17.26180372349649,523.0935,593.9781,70.88460000000009,15.497169999999983,559.263548156773,47.588,46.9082,3.3551,47.252660000000006,2.300908080084912,44.8875,50.9431,6.055599999999998,3.6904399999999953,46.99961,1.9596655567553605,43.8222,50.9431,7.120899999999999,3.943490000000004,47.293565,1.8310157797115352,43.8222,50.9431,7.120899999999999,3.649535,47.465820271517075,531.4304,511.5643,-5.286899999999946,527.8806400000001,9.937137221453902,511.5643,537.1283,25.563999999999965,-1.7371400000000676,519.11662,15.877800428606971,492.8041,537.1283,44.32419999999996,7.026880000000006,519.038875,16.091449506586446,492.8041,544.789,51.98489999999998,7.1046250000000555,522.4538059419115,8.2381,8.2997,-0.2897999999999996,8.2132,0.17366205688059297,7.9483,8.4136,0.46530000000000094,-0.2649000000000008,8.27885,0.3383230811254597,7.8827,8.8891,1.0063999999999993,-0.33055000000000057,8.390605,0.3465358878278433,7.8827,9.059,1.1762999999999995,-0.44230500000000106,8.288744914916926,379.2731,385.4355,27.251100000000008,393.30481999999995,10.855176005343917,379.2731,406.5242,27.251100000000008,13.219380000000058,391.20250999999996,10.234487414885113,371.9376,406.5242,34.58660000000003,15.321690000000046,391.02249,12.40792551637441,371.9376,412.6646,40.72700000000003,15.501710000000003,392.5790354605019,40.7013,40.4173,-2.6199000000000012,39.8483,1.0287901219393472,38.0814,40.7013,2.6199000000000012,-1.7668999999999997,39.267309999999995,1.190373825923758,37.1247,40.7013,3.576600000000006,-1.1859099999999927,38.73396,1.5045396905436073,36.1836,41.5801,5.396500000000003,-0.6525600000000011,39.22440062795694,24.0973,24.688,-0.10719999999999885,23.984280000000002,0.5827094747814195,23.0671,24.688,1.620899999999999,0.005819999999999936,23.50756,0.84893229961719,22.1573,24.688,2.5306999999999995,0.4825400000000002,23.655955,0.7402214686195332,22.1573,24.9714,2.8141,0.334145000000003,23.734371447923344,11.180339887498949,4.836281906951478,0
5001004,149,0.0010796723430668,0.0002421064874606,100.0,523.1815,604.4134,1461.5287,1463.7285,15.5216,21.8435,589.2258,2478.7611,8653.8966,1.2825,44.3539,509.7095,2309.7956,8363.3397,8.7532,0.0297,412.3581,2271.0804,93.0796,38.4546,23.8582,659.3126,661.9714,-54.89919999999995,648.1417,35.845353171924636,604.4134,694.4919,90.07849999999996,-43.72829999999999,639.54366,31.192814375045092,595.8464,694.4919,98.64549999999997,-35.13026000000002,634.35522,29.214986783977594,588.0191,694.4919,106.4728,-29.941820000000007,635.8515977582244,1480.6667,1624.6551,-19.13799999999992,1539.26938,82.21566308622167,1461.5287,1631.721,170.19229999999993,-77.74067999999988,1578.6919300000002,73.90115563501757,1461.5287,1664.5653,203.0365999999999,-117.16323000000011,1591.3250600000001,60.66056965937056,1461.5287,1680.3229,218.79419999999982,-129.79636000000005,1553.1466315788812,1410.9206,1422.6853,52.80790000000002,1420.4911200000001,35.026088145654754,1368.6606,1463.7285,95.06790000000001,43.2373799999998,1424.95744,34.90152034673915,1366.6717,1463.7285,97.05679999999984,38.771060000000034,1413.1479800000002,48.92254337669745,1323.0524,1514.8051,191.7527,50.58051999999975,1423.4056906841925,550.561,558.2795,38.664800000000014,558.5373999999999,25.46855875967433,521.4547,589.2258,67.77110000000005,30.688400000000115,549.22697,25.05500185534271,505.8607,589.2258,83.36510000000004,39.99883,553.6155000000001,23.35181324752675,505.8607,589.2258,83.36510000000004,35.61029999999994,555.7409691592605,47.0231,44.1305,-2.6691999999999965,45.76114,1.9103934602588657,44.1305,48.4916,4.3611,-1.4072399999999945,46.43132,2.1946834485992315,44.1305,49.5214,5.390900000000002,-2.0774199999999965,46.905135,2.0831133206346077,43.7387,50.5423,6.803599999999996,-2.5512349999999984,46.005605547970305,531.347,531.8695,-21.63749999999999,515.96108,16.25401422440018,493.088,531.8695,38.781499999999994,-6.251580000000047,525.10573,19.480962955326074,493.088,563.6366,70.54860000000002,-15.396230000000003,522.262555,24.160898297879985,483.8475,564.0748,80.22729999999996,-12.553055000000029,521.4315389150532,7.5895,8.0665,1.1636999999999995,8.24992,0.4508136166976303,7.5895,8.7532,1.1636999999999995,0.5032800000000002,8.38122,0.35070677147092216,7.5895,8.7532,1.1636999999999995,0.37197999999999887,8.37696,0.3764048316150526,7.5895,9.0324,1.4429000000000007,0.37623999999999924,8.33593909294757,372.5627,403.5483,39.79539999999997,393.59993999999995,15.471914936684433,372.5627,412.3581,39.79539999999997,18.758160000000032,395.82848,12.438438074399185,372.5627,412.3581,39.79539999999997,16.529619999999966,390.642085,14.15089783077862,367.9611,412.3581,44.39699999999999,21.71601499999997,394.5386981118684,38.9572,38.3244,-0.502600000000001,38.95414,0.7493231665976696,38.3244,40.2121,1.8877000000000024,-0.4995400000000032,38.87428,1.0137525939684446,37.0235,40.5204,3.4969000000000037,-0.4196799999999996,39.096475000000005,1.369550208866116,37.0235,42.2416,5.2181,-0.641875000000006,38.85314541968244,24.738,22.7757,-0.8797999999999995,23.6248,0.7693578393699596,22.7757,24.738,1.962299999999999,0.2333999999999996,23.65351,0.946126816082867,22.4032,25.1084,2.7052000000000014,0.20468999999999937,23.53664,1.0139168866591726,22.0755,25.1084,3.032899999999998,0.3215600000000016,23.687354802638076,12.206555615733702,5.0106352940962555,0
5001005,135,0.0021003122140979,0.0002235126121808,100.0,502.1461,655.8086,1546.2276,1464.6004,13.7069,23.6646,541.0197,2321.9574,9222.908,1.3395,46.8496,483.0992,2477.5488,8114.9861,8.593,0.0274,402.2136,2473.3362,89.1713,36.6451,22.1731,671.2718,627.7461,-15.463200000000029,641.03426,21.400291174257422,622.0477,671.2718,49.22410000000002,14.774339999999938,647.95653,20.100028703575898,622.0477,681.263,59.21530000000007,7.852069999999912,650.308285,20.45451973124939,618.1281,681.263,63.134900000000016,5.5003150000000005,648.1885189852334,1496.8684,1605.1957,49.35919999999987,1522.1731800000002,66.3787341921094,1425.7465,1605.1957,179.44920000000002,24.05441999999971,1566.73799,73.5356029587852,1425.7465,1672.3222,246.5757000000001,-20.510390000000143,1581.90211,63.57730741315025,1425.7465,1672.3222,246.5757000000001,-35.674510000000055,1554.8284506063985,1309.9388,1357.2306,154.66160000000013,1378.3923399999999,73.09349930642354,1309.9388,1464.6004,154.66160000000013,86.20806000000016,1414.83087,69.07386792449914,1309.9388,1505.0228,195.08400000000006,49.76953000000003,1399.021485,74.62441038374321,1264.4843,1515.8784,251.39409999999998,65.57891500000005,1396.1942791078754,558.537,553.4513,-17.51730000000009,555.05554,10.479183575211815,541.0197,569.8995,28.879800000000046,-14.035840000000007,554.27037,26.425150527440127,506.0999,609.2641,103.1642,-13.250670000000014,553.753645,26.16702294468878,500.4608,609.2641,108.80329999999998,-12.733945000000062,551.5193618524661,46.609,46.4818,0.2406000000000006,47.143240000000006,1.863719046154747,45.4409,50.3349,4.893999999999998,-0.29364000000000345,46.781099999999995,1.7519784042301465,43.7483,50.3349,6.586599999999997,0.06850000000000733,47.56,1.9162209020003678,43.7483,51.1945,7.4461999999999975,-0.7103999999999999,46.93684675995749,470.8874,515.3267,12.211799999999982,507.42114000000004,33.199413943140826,470.8874,556.4592,85.5718,-24.32194000000004,514.8945799999999,30.214834001632735,470.8874,557.0897,86.20229999999998,-31.79537999999991,520.5848599999999,27.795002772808324,470.8874,567.2591,96.37169999999998,-37.48565999999994,507.6226544518602,7.9745,8.4817,0.6185,8.26886,0.36502419508849215,7.7825,8.593,0.8105000000000002,0.3241399999999999,8.3537,0.3115937347822594,7.7825,8.8341,1.0515999999999996,0.23930000000000007,8.37933,0.3613300752264553,7.7271,8.934,1.2068999999999992,0.21367000000000047,8.374097049357093,387.0607,364.0137,15.152899999999988,392.32939999999996,18.919715988354582,364.0137,414.7563,50.74260000000004,9.884200000000021,396.93343,16.72173555592628,364.0137,420.8252,56.811500000000024,5.280169999999998,391.71605,19.829614416069813,355.8216,422.8724,67.05080000000004,10.49754999999999,394.5493265380311,40.4167,41.303,-3.7715999999999994,39.19412,2.001436850615068,36.6451,41.303,4.657899999999998,-2.5490199999999987,39.247020000000006,2.243598081356521,36.2059,43.13,6.924100000000003,-2.601920000000007,38.75651,1.8463852329120867,36.2059,43.13,6.924100000000003,-2.1114099999999993,39.05075190337783,23.4167,24.2899,-1.2435999999999972,23.37288,0.7626163006387884,22.1731,24.2899,2.116799999999998,-1.199779999999997,23.487,0.6367350696238556,22.1731,24.2899,2.116799999999998,-1.3138999999999967,23.682935,1.1863738801268995,21.1253,25.7244,4.5991,-1.509834999999999,23.391006259899186,11.61895003862225,4.912654885736052,1
5001006,111,0.0007194021250796,0.000204247160014,100.0,537.2503,664.8688,1735.1346,1463.9208,15.8815,23.5729,564.2902,2541.8451,8669.2668,1.4366,49.4069,531.1835,2502.4325,8178.6366,8.0662,0.028,388.4025,2425.0594,100.2058,40.4318,23.3179,680.4604,664.6375,-15.591600000000085,665.85638,23.95622420670588,628.011,691.3042,63.29320000000007,-0.9875799999999799,660.4485400000001,28.490453018207173,600.48,693.9644,93.48439999999994,4.420259999999871,651.2131149999999,42.30682306895249,578.0349,719.9391,141.90420000000006,13.655685000000062,661.6373874146338,1478.3274,1621.4716,256.8072000000002,1629.1854799999999,98.00781841499736,1478.3274,1735.1346,256.8072000000002,105.94912000000022,1598.47659,83.55915393883744,1478.3274,1735.1346,256.8072000000002,136.6580100000001,1587.756145,88.40593636891542,1405.8219,1740.1427,334.3208000000002,147.37845500000003,1610.768943350379,1421.8361,1293.6584,42.08470000000011,1347.1032,91.28066160893606,1248.8584,1463.9208,215.06240000000003,116.81760000000008,1379.0217699999998,100.11772211036856,1248.8584,1541.6448,292.78639999999996,84.89903000000027,1361.71231,99.19927075008839,1237.0363,1542.0891,305.05279999999993,102.20849000000021,1377.8011719505955,588.0049,560.0628,-23.714699999999993,576.10838,16.670579555373187,560.0628,599.0168,38.95399999999995,-11.818179999999984,577.3120200000001,18.423496173565756,542.7733,599.0168,56.24350000000004,-13.021820000000048,560.975465,32.98395215554422,504.1306,606.774,102.64339999999999,3.3147350000000415,570.1893121572457,50.0719,52.0446,-0.6649999999999991,49.20832,2.163684147929198,46.1873,52.0446,5.857300000000002,0.19857999999999976,48.75616,2.0881637154846757,45.9379,52.0446,6.106700000000004,0.650739999999999,48.994915000000006,2.346996296562694,42.7893,52.3228,9.533500000000004,0.4119849999999943,49.154595158391864,516.1129,513.4405,15.070600000000013,521.36246,14.198167991258389,505.5167,540.5587,35.04200000000003,9.821039999999925,515.84367,22.958386579880134,481.966,551.1797,69.21370000000002,15.339830000000006,514.2147299999999,22.56677064383998,477.7463,551.1797,73.4334,16.968770000000063,518.6498644433996,7.7583,7.9117,0.30790000000000006,8.1493,0.3974581172903754,7.7583,8.7901,1.0318000000000005,-0.08309999999999995,8.35588,0.36209889318312255,7.7583,8.7908,1.0325000000000006,-0.2896800000000006,8.5133,0.37242955250483073,7.7583,9.3462,1.5878999999999994,-0.44709999999999894,8.280508651716852,393.0028,362.8126,-4.600300000000004,382.6156,17.55594937037009,362.8126,403.0408,40.228200000000015,5.786900000000003,385.25328,20.685211567891617,362.8126,426.7674,63.954800000000034,3.149219999999957,388.32522,21.920720662557898,361.4431,427.9706,66.52749999999997,0.07727999999997337,383.78264186395995,42.3257,37.4205,-1.893899999999995,39.96032,1.8450744990379115,37.4205,42.3257,4.905200000000001,0.4714799999999997,39.72367,1.7051281861555694,37.2829,42.3257,5.0428,0.7081300000000041,39.469065,1.7474169009004765,36.2606,42.3257,6.065100000000001,0.9627350000000021,39.871605997764334,24.2762,24.0525,-0.9582999999999977,24.159699999999997,1.2144113368212524,23.0237,26.1282,3.104499999999998,-0.8417999999999957,23.961080000000003,1.079608824014006,22.6543,26.1282,3.4739000000000004,-0.643180000000001,23.70275,1.1621561764328636,21.9566,26.1282,4.171599999999998,-0.38485000000000014,23.87689842480181,10.535653752852738,4.718498871295094,0
5001007,137,0.0010650363505767,0.0003124812789543,100.0,533.5854,648.6019,1741.5354,1469.2577,16.3198,20.2355,552.3422,2333.7056,9426.1091,1.3846,45.9381,477.7009,2405.8652,8378.1287,9.5193,0.0296,373.4154,2285.1657,88.8081,39.2942,24.4755,639.9581,568.3377,8.643800000000056,628.1793399999999,39.803626884845464,568.3377,672.1531,103.81539999999995,20.42256000000009,631.76984,33.29411051906929,568.3377,672.1531,103.81539999999995,16.832059999999956,635.599435,35.72582543769295,568.3377,715.7585,147.42079999999999,13.00246500000003,637.6740533613322,1470.8191,1457.5953,270.71630000000005,1585.59714,120.15354104167277,1457.5953,1741.5354,283.94010000000003,155.9382599999999,1574.8446900000001,101.37109728603241,1457.5953,1741.5354,283.94010000000003,166.69070999999985,1608.14386,99.65672796869606,1457.5953,1770.8414,313.24610000000007,133.39154000000008,1591.1887493435684,1444.9266,1365.6466,24.331100000000106,1416.4801000000002,46.226895003397246,1365.6466,1469.2577,103.61110000000008,52.77759999999989,1415.54184,96.96532800335497,1223.1373,1578.923,355.7856999999999,53.71586000000002,1401.1831200000001,93.21603038594414,1223.1373,1578.923,355.7856999999999,68.07457999999997,1420.3332532543227,601.1308,521.6976,-48.788599999999974,556.18844,45.39207834598479,502.9072,602.8644,99.95720000000006,-3.846239999999966,563.94627,39.32113450855796,502.9072,615.2418,112.33460000000002,-11.604069999999979,552.5291199999999,40.350008828207415,490.5905,615.2418,124.65129999999999,-0.18691999999987274,559.4778570596824,51.3942,50.208,-5.456099999999999,47.8506,2.968123069382385,44.1961,51.3942,7.198099999999997,-1.9125000000000014,47.168220000000005,2.2823123599640014,44.1961,51.3942,7.198099999999997,-1.2301200000000065,47.293425,2.343830436851297,43.8306,51.3942,7.563600000000001,-1.3553250000000006,47.323071442173536,508.5884,470.9408,-30.88749999999999,504.76323999999994,31.66442677900556,470.9408,548.9724,78.03159999999997,-27.06233999999995,519.17099,30.886398190230096,470.9408,566.2813,95.34049999999996,-41.47008999999997,520.05813,31.731999704699405,470.9408,568.2159,97.27510000000001,-42.357230000000015,511.06667867689544,8.8514,8.5243,0.6678999999999995,8.8024,0.42975106747976705,8.4443,9.5193,1.0749999999999993,0.716899999999999,8.572759999999999,0.47861915084496076,7.7747,9.5193,1.7445999999999993,0.9465400000000006,8.54148,0.5304360446591871,7.6108,9.5473,1.9364999999999997,0.9778199999999995,8.745588438618018,373.2841,397.565,0.13129999999995334,390.89962,25.177537642946582,373.2841,432.2364,58.95229999999998,-17.48422000000005,391.47363,27.239977721032357,356.196,438.1528,81.95679999999999,-18.058230000000037,394.181045,25.195568438798624,356.196,438.1528,81.95679999999999,-20.765645000000006,389.14248878924525,37.718,43.6961,1.576199999999993,39.59066,2.45775611849508,37.6638,43.6961,6.032299999999999,-0.2964600000000033,39.04624,2.5567704738595567,34.9256,43.6961,8.770499999999998,0.24795999999999907,39.222750000000005,2.532917196581211,34.9256,44.2467,9.321099999999994,0.07144999999999158,39.29554849398898,25.1352,21.7006,-0.6597000000000008,23.9861,1.4181747159641391,21.7006,25.1352,3.4345999999999997,0.48939999999999984,23.66159,1.2262725376340988,21.7006,25.1352,3.4345999999999997,0.8139099999999999,23.468875,1.213298484504121,21.3668,25.7392,4.372399999999999,1.0066249999999997,23.906722244897797,11.704699910719626,4.927253685157205,0
5001008,112,0.0019001212894398,0.0003804701507678,100.0,528.9371,589.3424,1770.5786,1402.3589,14.9155,19.702,607.5952,2375.1643,9290.6001,1.1682,45.2087,471.8824,2046.7628,7722.4154,7.9696,0.026,378.8157,2142.8118,109.9686,41.001,20.3676,680.0207,642.2492,-90.67830000000004,634.45728,32.44587032053521,589.3424,680.0207,90.67830000000004,-45.11487999999997,649.9755700000001,42.5859719946228,589.3424,718.3498,129.00739999999996,-60.633170000000064,650.650505,45.34199682821659,584.6167,732.8746,148.25789999999995,-61.308104999999955,644.1739516998151,1644.4896,1739.4484,126.08899999999994,1647.48102,145.3733613598518,1402.8331,1770.5786,367.7455,123.09758000000011,1608.5205300000002,124.6443746514778,1402.8331,1770.5786,367.7455,162.05806999999982,1596.121265,104.40084042331756,1402.8331,1770.5786,367.7455,174.45733500000006,1627.5697338905534,1193.8708,1200.5097,208.48810000000003,1317.2762,161.28516709039076,1193.8708,1562.0376,368.1668000000002,85.08269999999993,1373.22716,125.82196412232847,1193.8708,1562.0376,368.1668000000002,29.131740000000036,1346.39478,119.28655616735671,1189.8872,1562.0376,372.1504000000002,55.964119999999866,1347.7053480506663,575.3634,610.501,32.23180000000002,585.3771999999999,25.638754075422895,547.904,610.501,62.59699999999998,22.218000000000075,556.2312199999999,40.135575243134866,480.0229,610.501,130.47809999999998,51.36398000000008,556.2856049999999,47.494551517227826,480.0229,629.9451,149.92220000000003,51.30959500000006,568.765721126708,52.9329,42.409,-7.724199999999996,45.638099999999994,4.509459503643427,41.485,52.9329,11.447899999999997,-0.429399999999994,46.043670000000006,3.7086795718662207,41.485,52.9329,11.447899999999997,-0.8349700000000055,47.20103,3.8854770971834163,41.485,53.4355,11.950499999999998,-1.9923300000000026,46.482207032567,588.4818,467.0443,-116.5994,505.01574,49.38194332661508,467.0443,588.4818,121.4375,-33.133339999999976,520.02152,50.26286521993484,467.0443,590.7973,123.75299999999993,-48.13911999999999,514.36326,46.25003462499294,446.9723,590.7973,143.82499999999993,-42.48085999999995,515.1670632121055,7.6528,9.2066,0.31679999999999975,8.2637,0.5852124486030686,7.6528,9.2066,1.5537999999999998,-0.29410000000000025,8.389190000000001,0.6032511867649641,7.6274,9.3215,1.6941000000000006,-0.41959000000000124,8.540965,0.5855350960536226,7.6274,9.3709,1.743500000000001,-0.5713650000000001,8.359138937378148,405.4087,428.0018,-26.593000000000018,399.9121200000001,19.03949580837181,378.8157,428.0018,49.18610000000001,-21.09642000000008,399.31149,21.991916601861174,374.4078,437.1661,62.75829999999996,-20.49579,393.46598,23.448821156938912,363.4666,437.1661,73.69949999999994,-14.65028000000001,397.4292831849501,36.8071,38.7497,4.193899999999999,38.15712,2.1107528969540232,35.4733,41.001,5.527699999999996,2.8438799999999986,38.49874,3.0151018660514124,34.0168,43.8826,9.865799999999993,2.5022599999999997,38.97871,2.884032658932534,34.0168,44.1328,10.116,2.022289999999998,38.851369582407635,21.5962,23.8101,-1.2286000000000001,23.078480000000003,2.2695801873914956,20.3676,26.3145,5.946899999999999,-2.710880000000003,23.10394,1.8872885725293806,20.3676,26.3145,5.946899999999999,-2.736340000000002,22.866295,1.5085153337235138,20.3676,26.3145,5.946899999999999,-2.4986950000000014,22.809532040811778,10.583005244258363,4.727387818712341,1
5001009,50,0.0013645742292656,0.000364992173274,100.0,509.7442,630.5699,1464.5922,1503.7964,14.6722,20.0435,507.852,2578.3338,8683.9501,1.1943,44.6249,540.4674,2336.4828,8012.4432,9.5238,0.0312,419.2659,2664.779,98.34,42.3379,24.9014,653.3021,603.0505,-22.732200000000034,637.0397,33.01005160826028,603.0505,685.2235,82.17299999999989,-6.4698000000000775,649.41322,34.77909584352182,603.0505,709.6901,106.63959999999997,-18.843320000000062,653.676385,36.32185185860127,599.4523,720.354,120.9017,-23.10648500000002,645.4766697108734,1809.7671,1660.1215,-345.1749,1631.54214,137.52782599078972,1464.5922,1809.7671,345.1749,-166.94993999999997,1600.31693,122.94662540334858,1447.3947,1809.7671,362.37239999999997,-135.7247299999999,1576.53675,125.57074780321818,1396.4549,1822.2682,425.8133,-111.94454999999994,1596.14634269581,1275.3972,1492.6239,228.39919999999984,1420.1365600000001,94.73107667641578,1275.3972,1503.7964,228.39919999999984,83.6598399999998,1404.81609,106.55904871827299,1245.0189,1518.6569,273.6379999999999,98.98030999999992,1392.90388,101.23451204953768,1245.0189,1552.4904,307.4714999999999,110.89251999999988,1405.13500649883,594.281,535.5259,-86.42899999999997,556.83156,38.199254217497675,507.852,596.0776,88.22559999999999,-48.97955999999999,563.36528,38.5613976709237,507.852,624.007,116.15499999999997,-55.51328000000001,560.342735,35.11891866510997,504.1572,624.007,119.84979999999996,-52.49073499999997,554.9510400197225,52.5632,47.5012,-7.938300000000005,46.96918,3.3250043078167515,44.6249,52.5632,7.938300000000005,-2.344280000000005,47.63158,3.201262278747758,42.7494,52.5632,9.8138,-3.006680000000003,48.28632,2.8491818161858715,42.7494,52.5632,9.8138,-3.661420000000007,47.77547306286211,490.8764,553.684,49.59100000000001,522.06078,31.960862173164198,484.3793,553.684,69.30469999999997,18.406619999999975,520.74888,38.38573950208307,455.9297,585.2505,129.32079999999996,19.718520000000012,521.3342749999999,36.98096851412931,455.9297,586.545,130.61529999999993,19.133125000000064,517.03065058688,8.0853,9.1989,1.4384999999999994,8.6532,0.8020325679172926,7.5829,9.5238,1.9408999999999992,0.8705999999999996,8.42385,0.7129224427975638,7.5829,9.5238,1.9408999999999992,1.0999499999999998,8.471205,0.5835577583599624,7.5829,9.5238,1.9408999999999992,1.0525950000000002,8.573154925420965,377.1471,404.5333,42.118799999999965,395.14662,27.314789723737526,356.8129,419.2659,62.452999999999975,24.119280000000003,401.55237999999997,23.339882849215712,356.8129,419.3904,62.577499999999986,17.713520000000017,408.52335000000005,24.39019347607826,352.3022,435.2832,82.981,10.742549999999937,400.7234155826652,35.2878,33.8415,7.0501000000000005,37.93464,3.4579147745426,33.8415,42.3379,8.496399999999994,4.403259999999996,38.916039999999995,3.122048304914933,33.8415,43.7007,9.859199999999994,3.4218600000000023,38.599025,3.00406488241568,33.6706,43.7007,10.030099999999997,3.738875,38.36903158200856,22.054,24.7137,2.8474000000000004,23.56564,1.5362404932171272,21.7416,24.9014,3.1598000000000006,1.3357600000000005,24.15657,1.379217614003599,21.7416,25.8938,4.152200000000001,0.7448300000000003,23.87131,1.6291444548079745,21.3884,26.023,4.634599999999999,1.0300899999999977,23.802637336442835,7.0710678118654755,3.9318256327243257,0
5001010,102,0.0016065726325289,0.0003591770557859,100.0,510.7167,659.0975,1452.679,1320.972,15.1438,22.5503,537.5862,2313.666,8281.6838,1.1993,46.5413,486.6009,2701.0765,8429.7043,8.5172,0.0318,360.0299,2177.4391,97.0647,38.9927,21.683,623.2075,573.5763,35.889999999999986,616.01826,31.876002804115924,573.5763,659.0975,85.52120000000002,43.07923999999991,639.1641400000001,60.66306950515383,569.2623,735.6947,166.43240000000003,19.93335999999988,652.73162,51.91924771051562,569.2623,735.6947,166.43240000000003,6.365879999999947,639.0258364560013,1532.5039,1800.9948,-79.82489999999984,1670.6538799999998,165.13745265298542,1452.679,1800.9948,348.31579999999985,-217.97487999999976,1652.40512,140.119687576616,1452.679,1821.2331,368.55409999999983,-199.7261199999998,1634.6211899999998,143.8226846429564,1361.6698,1821.2331,459.5633,-181.94218999999975,1625.163900830441,1345.2522,1374.8471,-24.280199999999923,1416.0942,113.60614426110489,1320.972,1604.5203,283.5482999999999,-95.12220000000002,1392.01081,121.35658896737603,1211.8153,1604.5203,392.7049999999999,-71.03881000000001,1411.1209000000001,108.64646535089972,1211.8153,1608.805,396.9897000000001,-90.14890000000014,1392.9935752096155,505.8503,560.5208,31.73589999999996,546.74284,27.133421121800602,505.8503,577.9401,72.08980000000003,-9.156640000000039,538.9866099999999,26.699353875180456,505.8503,577.9401,72.08980000000003,-1.4004099999999653,556.6681500000001,47.18642281665462,487.3341,636.6801,149.34600000000006,-19.08195000000012,541.7242686622196,46.303,43.12,0.2383000000000024,46.45924,3.808936019809205,43.12,52.695,9.575000000000003,0.08205999999999847,45.38357,3.3276289213025327,42.1812,52.695,10.513800000000003,1.1577300000000008,47.12989,4.00915793060417,42.1812,54.3876,12.206400000000002,-0.5885900000000035,46.41735778093975,472.8144,530.8357,13.786500000000046,515.8172999999999,35.83599096767117,472.8144,561.3367,88.52229999999997,-29.216399999999908,516.22938,37.853839654527086,472.8144,577.3764,104.56200000000001,-29.628479999999968,520.21764,42.49248878283526,455.5903,599.4003,143.81,-33.616739999999936,513.0201642939597,8.0718,8.5408,0.44540000000000113,8.47894,0.3335865524867571,8.0718,8.9693,0.8975000000000009,0.03826000000000107,8.50802,0.5604323168570672,7.6746,9.4966,1.822000000000001,0.009180000000000632,8.494969999999999,0.6364722585429268,7.2487,9.4966,2.2479000000000005,0.022230000000002192,8.485465480255685,391.0181,399.706,-30.988200000000006,389.9633,32.17684003479839,360.0299,438.0427,78.01280000000003,-29.933400000000006,391.56302999999997,27.543958133138958,360.0299,438.0427,78.01280000000003,-31.53312999999997,390.46863,29.062820794618407,340.7463,438.0427,97.2964,-30.43873000000002,389.6366374323678,37.432,33.3608,1.560699999999997,37.3081,2.7212485691314776,33.3608,40.4869,7.126100000000001,1.684599999999996,37.06219,1.8606206434353543,33.3608,40.4869,7.126100000000001,1.9305099999999982,38.23158,2.5867232982451296,33.3608,42.714,9.353200000000001,0.7611199999999982,37.46479943858215,24.4182,23.2822,-2.735199999999999,23.62266,1.3240750084492905,21.683,25.2015,3.5184999999999995,-1.93966,23.32051,1.946861940805131,19.7052,25.5087,5.8035,-1.637509999999999,22.856605,1.8528599903009102,19.7052,25.6714,5.966199999999997,-1.1736049999999985,23.25496968563599,10.099504938362077,4.634728988229636,0
5001011,120,0.0013610602580023,0.0003765347769115,100.0,523.4603,576.2754,1557.0239,1504.6764,14.5604,20.6228,504.7979,2544.2365,10365.2923,1.1766,46.312,600.785,2444.1632,6781.9257,8.1212,0.0323,342.1822,2129.4116,101.8652,36.8025,21.0703,701.5697,751.8907,-125.29430000000002,651.6507,81.48827569162923,561.6107,751.8907,190.2800000000001,-75.37530000000004,641.5672299999999,63.51125901855757,555.5571,751.8907,196.33360000000005,-65.29182999999989,635.8970750000001,54.58293498544312,548.1133,751.8907,203.77740000000006,-59.621675000000096,640.9783771057886,1459.9641,1682.8797,97.0598,1531.56788,96.79511260545061,1438.5071,1682.8797,244.37259999999992,25.456019999999853,1516.53966,125.01960440431492,1382.0338,1744.6437,362.60990000000015,40.48424,1517.554705,117.32335738455716,1373.6732,1744.6437,370.97050000000013,39.4691949999999,1530.8941180187264,1322.5566,1388.7986,182.11980000000017,1407.22204,65.23323604178228,1322.5566,1504.6764,182.11980000000017,97.45435999999995,1385.45764,83.01919139757523,1228.3193,1504.6764,276.35709999999995,119.21875999999997,1372.600215,113.77175315543518,1159.4128,1609.0735,449.6606999999999,132.07618500000012,1402.6569993329913,577.9639,628.5083,-73.16599999999994,557.06696,52.67053290140534,504.7979,628.5083,123.71039999999994,-52.26905999999997,544.0134599999999,58.282221331059986,469.1897,632.7085,163.51879999999994,-39.21555999999987,557.342185,50.39010187338162,469.1897,632.7085,163.51879999999994,-52.544284999999945,548.7981040647072,49.2351,46.8703,-2.923100000000005,46.81336,1.5512000460932842,44.9442,49.2351,4.290900000000001,-0.5013600000000054,45.10821,3.7616318703012985,38.4654,51.1042,12.638799999999996,1.203789999999998,45.99776,4.215529394287897,38.4654,53.3781,14.912700000000001,0.3142399999999981,45.99830037800642,543.8059,553.6851,56.97910000000002,543.5764200000001,43.803793052622666,478.0324,600.785,122.75259999999997,57.20857999999987,530.04866,42.325839647383404,475.6712,600.785,125.11379999999997,70.73633999999993,518.9578399999999,41.355755107696716,460.2827,600.785,140.5023,81.82716000000005,538.5916153809789,8.5613,8.3718,-0.44009999999999927,8.07436,0.5813706760750781,7.0762,8.5613,1.4850999999999992,0.04683999999999955,8.29589,0.7575104582336363,7.0762,9.5237,2.4475,-0.17469,8.365915000000001,0.7933084979508626,7.0762,9.5237,2.4475,-0.24471500000000113,8.22697204313552,439.6518,358.3669,-97.46959999999996,395.09578,42.72123423974326,342.1822,439.6518,97.46959999999996,-52.91357999999997,381.77232999999995,38.42505523925911,339.7055,439.6518,99.94630000000001,-39.59012999999993,385.81432,34.766973201280024,331.9811,439.6518,107.67069999999995,-43.632119999999986,387.8985400930744,42.1864,41.6764,-5.383899999999997,39.931079999999994,3.47966146155052,35.6136,43.3765,7.762900000000002,-3.1285799999999924,39.1927,3.563313112820696,33.9295,44.5658,10.636300000000006,-2.3902,38.813955,3.2774626081571796,33.9295,44.5658,10.636300000000006,-2.011454999999998,39.38625680602741,23.3158,22.9752,-2.2455,21.79486,1.250420174581335,20.6207,23.3158,2.6951,-0.7245600000000003,22.405350000000002,1.4111295131127315,20.6207,24.5524,3.9316999999999993,-1.3350500000000025,23.019425000000002,1.989099642095448,20.6207,26.9206,6.299900000000001,-1.9491250000000022,22.33011939735592,10.954451150103322,4.795790545596741,1
5001012,102,0.0018031991083576,0.0003108248526512,100.0,534.9253,570.5752,1613.5322,1402.6398,14.7424,23.7928,490.7548,2117.4517,9226.303,1.2105,44.4592,620.1025,2166.4235,8569.2638,7.0355,0.0361,380.7993,2010.5597,86.3701,44.796,22.3004,614.9908,580.6055,-44.41560000000004,641.91822,75.12906521944083,570.5752,733.3277,162.75250000000005,-71.34302000000002,633.9408099999999,58.80887976313048,570.5752,733.3277,162.75250000000005,-63.36560999999995,644.8785799999999,57.66576237034651,560.0997,733.3277,173.22800000000007,-74.30337999999995,634.5673544589557,1760.7747,1679.9559,-147.24249999999984,1689.4980199999998,53.664739442267525,1613.5322,1760.7747,147.24249999999984,-75.96581999999967,1633.7348399999998,126.31678049818655,1310.6147,1760.7747,450.15999999999985,-20.202639999999747,1615.2483,149.5263969810436,1310.6147,1798.8099,488.1951999999999,-1.7160999999998694,1651.5256486767137,1606.3049,1589.0077,-203.66510000000017,1462.8535800000002,163.5131924006346,1208.3162,1606.3049,397.9887000000001,-60.21378000000027,1477.03427,151.5396141724452,1208.3162,1651.5588,443.24260000000004,-74.39447000000018,1459.4587399999998,131.7696510403489,1208.3162,1651.5588,443.24260000000004,-56.818939999999884,1463.2180161897343,547.7858,466.7071,-57.031000000000006,506.7419,40.630950630831016,466.7071,552.6259,85.91879999999998,-15.987099999999998,518.22413,41.22043607052911,458.674,569.1776,110.5036,-27.469329999999957,556.4003749999999,55.81608554165681,458.674,648.6844,190.0104,-65.64557499999995,527.4144402483129,47.2418,48.1857,-2.782599999999995,49.00502,3.8073087288792458,44.4592,54.5855,10.1263,-4.545819999999999,48.01867,3.9653198198183914,42.1079,54.5855,12.477600000000002,-3.5594699999999975,48.58656,3.6381051809684406,42.1079,54.5855,12.477600000000002,-4.127359999999996,48.21266372948897,512.1543,509.5583,107.94819999999993,546.23788,45.43478661919788,509.5583,620.1025,110.54419999999999,73.86461999999995,543.3055400000001,41.16586918145805,484.9917,620.1025,135.11079999999998,76.7969599999999,526.29526,44.59388065078234,438.7535,620.1025,181.349,93.80723999999998,547.1181958910722,9.981,9.0303,-2.9455,8.84588,1.1078622847628705,7.0355,9.981,2.9455,-1.8103799999999994,8.697,0.9882128324517081,7.0355,9.981,2.9455,-1.6614999999999993,8.483235,0.8721824931412625,7.0355,9.981,2.9455,-1.4477350000000007,8.605268943506479,426.5502,356.5516,-45.7509,377.61714,30.391872357803116,348.5961,426.5502,77.95410000000004,3.1821600000000103,386.99047,28.676420642365517,348.5961,432.1738,83.57770000000005,-6.19117,388.557405,36.900443079360535,317.5849,462.0533,144.46839999999997,-7.7581050000000005,386.5612588285334,37.9834,35.8623,6.812599999999996,39.8965,3.7358125354466094,35.8623,44.796,8.933700000000002,4.899499999999996,38.59232,3.630940489674214,32.6531,44.796,12.142899999999997,6.2036799999999985,38.022985,3.5868026979433427,32.4766,44.796,12.319400000000002,6.773015000000001,39.19529873546586,25.2134,22.8663,-2.9130000000000003,22.82036,1.405180259966676,21.691,25.2134,3.522400000000001,-0.5199600000000011,23.566769999999998,2.0780388104866794,20.3363,26.5687,6.232399999999998,-1.2663699999999984,23.822195,2.1634736867204105,20.0314,26.5897,6.558299999999999,-1.521795000000001,23.4174086219126,10.099504938362077,4.634728988229636,0
5001013,131,0.0009025956373486,0.0002258933071306,100.0,452.9743,577.1695,1693.8935,1348.6285,15.2982,18.0939,516.6532,2123.2902,7850.399,1.4849,43.5894,508.9674,2475.4703,8994.641,8.3099,0.0308,454.6122,1949.183,99.8767,46.5023,21.2897,610.62,772.4252,-33.450500000000034,664.7998799999999,75.7736860873672,577.1695,772.4252,195.25570000000005,-87.63037999999995,685.3558,56.453457110516446,577.1695,772.4252,195.25570000000005,-108.18630000000007,670.669325,72.19934884791574,536.3547,772.4252,236.07050000000004,-93.49982499999999,663.3718801950905,1571.7226,1799.8088,122.17089999999985,1648.40314,128.28609381422856,1470.5447,1799.8088,329.2641000000001,45.49036000000001,1637.89456,162.5991833867585,1381.9877,1809.7657,427.778,55.99893999999995,1619.588485,158.069732316996,1361.7754,1846.9766,485.2012,74.30501499999991,1644.3549868707942,1195.5922,1531.1817,153.03629999999998,1304.9943200000002,140.87353241603793,1195.5922,1531.1817,335.58950000000004,43.63417999999979,1317.00101,131.42808106801584,1195.5922,1551.1484,355.5562,31.62749000000008,1388.8125850000001,150.91117361936088,1195.5922,1682.4713,486.8790999999999,-40.184085000000096,1325.4857768713757,547.9422,599.4834,-31.288999999999987,553.58924,44.823222049602784,504.3492,599.5182,95.16899999999998,-36.93604000000005,571.69813,49.04559280014751,504.3492,645.4399,141.09069999999997,-55.04493000000002,548.29954,52.90039753002962,469.1332,645.4399,176.30669999999998,-31.64634000000001,554.7273964333696,44.1518,49.0362,-0.5624000000000038,46.4114,4.641222080443885,42.019,53.2606,11.241599999999998,-2.8220000000000027,48.19678,5.517483770061203,42.019,57.0126,14.9936,-4.607379999999999,48.341585,4.8855184355910595,41.543,57.0126,15.4696,-4.752185000000004,46.87229619679725,623.7648,464.9778,-114.79740000000004,536.38956,58.207722589258175,464.9778,623.7648,158.78700000000003,-27.422159999999963,549.3250599999999,60.723761297392294,447.5879,623.7648,176.17690000000005,-40.357659999999896,548.516175,49.03783574703875,447.5879,623.7648,176.17690000000005,-39.54877499999998,546.9568398511434,8.8846,7.1254,-0.5747,7.80232,0.781310256556258,7.0833,8.8846,1.8013000000000003,0.5075800000000008,8.27873,1.0692320276721974,7.0833,9.7676,2.6842999999999995,0.031170000000001252,8.145190000000001,0.9462871122667289,6.8177,9.7676,2.9498999999999995,0.16470999999999947,8.164294699602339,445.1849,414.197,9.427299999999946,442.43826,21.17922354816164,414.197,468.4919,54.294899999999984,12.17393999999996,424.00016000000005,37.84149604237248,353.8143,468.4919,114.67759999999998,30.612039999999922,413.55513500000006,41.26077655841515,320.6954,468.4919,147.79649999999998,41.05706499999991,429.91034137877193,36.1568,40.1653,10.345500000000001,40.86788,4.395280484451505,36.1568,46.5023,10.345500000000001,5.634419999999999,40.27879,3.512934309551239,35.7718,46.5023,10.7305,6.223509999999997,37.728385,4.162582871534799,30.6428,46.5023,15.859499999999997,8.773914999999995,40.252858802938576,22.1598,27.5103,-0.8701000000000008,24.27556,2.916130490564507,21.2897,27.5103,6.220600000000001,-2.985859999999999,23.79542,2.8556143568610723,20.2953,27.7351,7.439799999999998,-2.50572,23.57288,2.5223762596742816,20.2953,27.7351,7.439799999999998,-2.2831800000000015,23.615449094420363,11.445523142259598,4.882801922586371,0
5001014,135,0.0008052777350326,0.0002882064284748,100.0,436.2048,612.7467,1893.9582,1173.3654,13.9879,20.1021,644.28,2294.1253,8310.4891,1.3492,50.552,488.2121,2223.484,7069.4343,9.6158,0.0345,425.6336,1974.5374,92.9025,32.6855,24.9608,729.6995,564.898,-116.95279999999991,676.20126,83.10168055889729,564.898,759.1319,194.23389999999995,-63.454560000000015,656.82277,75.19951497648026,557.1418,759.1319,201.99009999999998,-44.07606999999996,652.442735,73.48420489461643,542.8838,759.1319,216.24810000000002,-39.69603499999994,660.4931794641867,1693.2972,1537.5858,200.66100000000006,1701.3437000000001,139.55054519882862,1537.5858,1893.9582,356.37239999999997,192.6144999999999,1628.6533,165.30200509394285,1388.8939,1893.9582,505.0643,265.3049000000001,1662.846345,169.78374209162126,1373.304,1893.9582,520.6542,231.1118550000001,1686.962379569487,1520.2095,1273.8685,-346.8441,1331.16918,132.98047277659623,1173.3654,1520.2095,346.8441,-157.8037800000002,1364.7573200000002,173.58125986881146,1138.7639,1719.7489,580.9850000000001,-191.39192000000025,1362.804155,149.95764132284148,1138.7639,1719.7489,580.9850000000001,-189.43875500000013,1345.9750723282905,616.706,637.7922,27.573999999999955,624.6813399999999,31.461259548019985,573.3672,651.2613,77.89409999999998,19.59866000000011,576.37084,72.96230457722974,449.891,651.2613,201.3703,67.90915999999993,581.6225049999999,62.77864504824193,449.891,675.4766,225.58559999999994,62.65749500000004,599.368922870751,47.9513,57.2231,2.6006999999999962,49.82656,7.092413254880195,38.8627,57.2231,18.360400000000006,0.725439999999999,48.98289,6.271172636127243,38.8627,57.2231,18.360400000000006,1.569110000000002,48.90472,5.286256328552151,38.8627,57.2231,18.360400000000006,1.647280000000002,49.362564815325804,513.8685,474.1134,-25.65640000000002,511.03158,34.378131426343785,474.1134,564.1482,90.03479999999996,-22.81948,498.92587000000003,45.06175591708806,425.4113,571.1087,145.69740000000002,-10.713770000000011,519.2812200000001,55.01698314998647,425.4113,609.5078,184.0965,-31.069120000000055,511.1291620652168,9.5929,10.1638,0.02289999999999992,9.419320000000003,0.9673755511692537,7.7442,10.1638,2.4196,0.19647999999999755,8.919170000000001,1.0317638274656957,7.1676,10.1638,2.9962,0.696629999999999,8.91409,1.012558846061221,7.1676,10.1638,2.9962,0.7017100000000003,9.039943982842543,381.2432,374.1755,44.3904,385.83516,52.84767046108076,306.4107,441.7128,135.3021,39.79844000000003,381.86875,44.21267206605526,306.4107,441.7128,135.3021,43.764850000000024,377.67296999999996,41.51371432215087,306.4107,441.7128,135.3021,47.96063000000004,381.751436011871,38.3695,44.5329,-5.684000000000005,38.88984000000001,4.294880127314426,32.6855,44.5329,11.8474,-6.204340000000009,37.83242,4.481514787757471,32.1113,44.5329,12.421599999999998,-5.1469200000000015,39.508935,4.22948888168411,32.1113,45.4001,13.288800000000002,-6.8234350000000035,38.108240334170965,26.7402,21.9777,-1.7794000000000025,23.41628,2.5657014356701935,20.1288,26.7402,6.611400000000003,1.5445199999999986,24.024829999999998,2.3832547651618565,20.1288,27.3373,7.208500000000001,0.9359700000000011,23.75866,2.567536730101638,18.6298,27.5012,8.871400000000001,1.20214,24.003776447071004,11.61895003862225,4.912654885736052,1
5001015,94,0.002449010871777,0.0002453664897554,100.0,608.2089,623.4423,1627.241,1267.5775,14.1029,23.8913,619.5835,2706.9331,8746.32,1.4987,47.8689,432.0105,2774.7577,6409.5038,8.2813,0.0294,316.5058,2548.6046,99.0002,35.0141,25.6581,673.4065,573.0166,-49.964200000000005,622.14382,84.6138276259092,511.8242,729.0295,217.20529999999997,1.2984800000000405,607.65499,69.44561296454299,511.8242,729.0295,217.20529999999997,15.787310000000048,624.03273,83.40474711034821,511.8242,756.3804,244.5562,-0.5904299999999694,622.7109245115643,1521.1426,1863.9139,106.09840000000008,1561.57172,204.80190252960782,1306.2316,1863.9139,557.6822999999999,65.66928000000007,1508.38064,177.11885605890717,1306.2316,1863.9139,557.6822999999999,118.8603599999999,1560.13911,197.56405633698165,1306.2316,1897.4896,591.258,67.10188999999991,1553.0268718745983,1484.7869,1565.6271,-217.20939999999996,1534.45716,172.00256734016446,1267.5775,1715.5868,448.00929999999994,-266.87965999999983,1404.5542200000002,225.5744186505829,1062.5652,1715.5868,653.0216,-136.9767200000001,1410.229105,200.3792397596652,1062.5652,1715.5868,653.0216,-142.6516049999998,1435.5131269145413,646.5511,614.185,-26.96760000000006,602.3985,37.23837925266017,550.1916,646.5511,96.35950000000003,17.184999999999945,590.48467,41.4198206920327,502.8793,646.5511,143.67180000000002,29.098829999999907,576.084865,56.86482896848468,479.9774,668.737,188.75959999999998,43.49863499999992,596.6983416671814,57.3282,46.6134,-9.459300000000006,49.22952,6.3885710747396915,40.8252,57.3282,16.503,-1.3606200000000044,48.12191,5.081417764419242,40.8252,57.3282,16.503,-0.2530100000000033,46.097065,6.066274237582126,36.2903,57.6016,21.311299999999996,1.7718349999999958,48.27983281822283,428.7209,464.3335,3.289600000000007,481.04643999999996,70.08395465402852,428.7209,600.3101,171.58920000000006,-49.03593999999998,508.14104,70.89921486976662,427.1098,600.3101,173.20030000000003,-76.13054,505.83728,59.20978990217396,427.1098,600.3101,173.20030000000003,-73.82678000000004,484.3805694828324,6.6443,7.9938,1.6369999999999996,8.25428,1.0762498673635217,6.6443,9.5458,2.9014999999999995,0.027020000000000266,8.39923,1.0039985292707234,6.6443,9.8134,3.1690999999999994,-0.11792999999999942,8.474905,0.9734123789265104,6.6443,10.1636,3.5193000000000003,-0.1936049999999998,8.340326963981804,389.8352,379.9826,-73.32939999999996,365.00122,42.5426894981026,316.5058,414.1122,97.60639999999995,-48.49541999999997,367.47102,38.286890727965016,316.5058,415.085,98.57919999999996,-50.96521999999999,390.06271,54.91067814665155,316.5058,479.6765,163.17069999999995,-73.55690999999996,369.39516578929613,46.5343,37.9493,-11.520200000000003,38.97074,6.603850996426259,30.7068,46.5343,15.8275,-3.95664,36.38644,5.202795039250025,30.7068,46.5343,15.8275,-1.3723400000000012,38.389325,5.527349261423877,30.7068,46.5343,15.8275,-3.3752250000000004,38.25040276810745,26.8362,23.9611,-1.1781000000000006,25.22916,1.3799443659075332,23.6312,26.8362,3.205000000000002,0.42894000000000077,23.782069999999997,2.633432285925642,20.2435,26.8362,6.592700000000001,1.8760300000000036,22.952635,2.661037970471195,19.196,26.8362,7.6402,2.7054650000000002,24.31387926402705,9.695359714832659,4.553876891600541,0
5001016,89,0.0008691631845896,0.0002614055853064,100.0,529.2112,757.4062,1538.7323,1175.3017,14.8466,24.1378,596.6372,1887.5856,8850.4923,1.4414,49.7832,461.0257,2369.8371,9209.0704,10.2422,0.0323,394.3331,2601.6386,90.089,43.5168,24.7287,540.9688,698.8196,216.43740000000003,650.88746,90.26471209846056,540.9688,757.4062,216.43740000000003,106.51873999999998,629.6802399999999,81.01073188627119,540.9688,757.4062,216.43740000000003,127.7259600000001,628.513915,87.62681117587762,492.4753,757.4062,264.9309,128.89228500000002,640.9585210593281,1637.3292,1409.4781,-98.5969,1527.59716,143.47445638819525,1358.5647,1693.8815,335.31680000000006,11.135139999999865,1518.5728100000001,187.8267282314652,1278.5727,1876.5843,598.0116,20.159489999999778,1583.109245,189.03834222736126,1278.5727,1897.703,619.1303,-44.376945000000205,1561.0277283216096,1421.0072,1520.5961,-245.70550000000003,1452.3859,167.03422668709305,1175.3017,1585.3213,410.0196000000001,-277.0842,1413.1909899999998,170.43930882724118,1175.3017,1612.1743,436.8725999999999,-237.88928999999985,1421.914245,158.7029683566374,1175.3017,1652.6261,477.32439999999997,-246.61254499999995,1408.2606858057436,486.3923,556.0511,110.24490000000003,515.7761200000001,60.553259312872235,443.1273,596.6372,153.50990000000002,80.8610799999999,524.8425199999999,46.48738347446257,443.1273,596.6372,153.50990000000002,71.79468000000008,538.6286,74.39146609795496,425.211,689.4089,264.1979,58.0086,529.8022571021731,48.4474,52.4058,1.335799999999999,49.57972,2.2357794640796183,46.5234,52.4058,5.882399999999997,0.203479999999999,51.94606,3.500654945451138,46.5234,57.78,11.256599999999999,-2.162860000000002,49.338379999999994,5.028179433699009,39.5161,57.78,18.2639,0.4448200000000071,50.25900889100247,632.9045,488.2409,-171.8788,510.98476,82.20830749947373,423.3523,632.9045,209.55219999999997,-49.95906000000002,542.51862,78.54677570987444,423.3523,632.9045,209.55219999999997,-81.49292000000008,541.0550900000001,66.54053591676592,423.3523,632.9045,209.55219999999997,-80.02939000000009,535.8894623291666,9.4852,7.8822,0.7569999999999997,8.83316,1.3055441329193027,7.0767,10.2422,3.1655000000000006,1.409040000000001,8.92611,1.0546091740018608,7.0767,10.2422,3.1655000000000006,1.3160900000000009,8.475415,1.1044979956499419,6.7071,10.2422,3.535100000000001,1.7667850000000005,8.978699971138967,415.4203,356.0874,-21.087199999999996,377.47911999999997,31.59594025736558,335.7362,415.4203,79.6841,16.853980000000035,381.13152,37.58989136175361,323.293,437.8045,114.51150000000001,13.201579999999979,406.998475,47.3701928238452,323.293,492.1224,168.82940000000002,-12.665374999999983,387.4436234592754,41.5044,46.4319,2.0124000000000066,42.39536,2.71800834307039,39.2368,46.4319,7.1950999999999965,1.1214400000000069,41.67767,2.588145354861066,38.5075,46.4319,7.924399999999999,1.8391300000000044,40.23533,3.947854024270316,31.7103,46.4319,14.721599999999999,3.281470000000006,41.90462587186076,18.3448,19.8147,6.383900000000001,20.993699999999997,2.6066429569467515,18.3448,24.7287,6.383900000000001,3.735000000000003,21.877319999999997,3.690650158862399,17.7096,29.1663,11.456700000000001,2.8513800000000025,22.967455,3.3831388262000317,17.7096,29.1663,11.456700000000001,1.7612449999999988,22.086704102315124,9.433981132056603,4.499809670330265,0
5001017,57,0.0007595362505833,0.0003989645282249,100.0,510.3326,548.3329,1253.0127,1368.2259,15.2273,19.839,498.677,2711.8362,10042.2174,1.4243,43.5764,556.7761,2160.8082,8407.5219,9.6109,0.0264,454.3901,2788.6953,92.029,36.4854,26.4315,644.7192,630.6099,-96.3863,644.36808,72.85408968631755,548.3329,753.0795,204.74660000000006,-96.03517999999997,652.4058200000001,84.23089668723178,511.0588,753.0795,242.02070000000003,-104.07292000000007,664.56135,77.30452557191899,511.0588,803.8708,292.812,-116.22844999999995,643.2458677769108,1947.1734,1871.9752,-694.1606999999999,1571.9978800000001,329.415659752716,1253.0127,1947.1734,694.1606999999999,-318.9851800000001,1584.70564,263.6189596264156,1253.0127,1947.1734,694.1606999999999,-331.6929399999999,1542.924905,225.82841516288755,1232.7252,1947.1734,714.4481999999998,-289.9122050000001,1553.024501040165,1529.9021,1318.1832,-161.6762000000001,1375.4864599999999,90.04720027370465,1305.8953,1529.9021,224.0068000000001,-7.260559999999941,1393.94478,152.62561728227368,1182.9299,1647.0507,464.1207999999999,-25.718880000000127,1402.4517700000001,187.5936945654374,1119.742,1720.9749,601.2329,-34.225870000000214,1411.4301806216943,466.0835,631.9431,32.593500000000006,524.80184,65.9765076799913,466.0835,631.9431,165.85959999999994,-26.12483999999995,555.28116,68.20472279625345,466.0835,637.7261,171.64259999999996,-56.60415999999998,555.18822,80.91478160984583,423.0516,700.6089,277.55729999999994,-56.51121999999998,538.3191962310632,59.4013,56.2184,-15.8249,49.70664000000001,7.553329450844841,43.35,59.4013,16.051299999999998,-6.130240000000008,47.74474,6.34878323428986,41.4616,59.4013,17.939700000000002,-4.168340000000001,48.33817,6.504220401611313,39.1356,59.4013,20.265700000000002,-4.7617699999999985,48.582723154217284,510.9522,516.9805,45.82390000000004,553.61302,38.96127980016774,510.9522,592.7089,81.75669999999997,3.1630800000000363,565.34079,54.37850319313137,478.1934,653.0647,174.87130000000002,-8.564689999999928,554.3851549999999,60.74914781994863,426.5432,653.0647,226.5215,2.3909450000001016,555.7646225515541,7.6163,8.4802,1.994600000000001,8.37066,0.9089633892517381,7.3629,9.6109,2.248000000000001,1.24024,8.15918,0.8578601813038369,7.2644,9.6109,2.3465000000000007,1.4517200000000017,8.64842,1.060455123544899,6.6918,10.037,3.345200000000001,0.9624800000000011,8.493371672094337,444.2301,402.913,10.160000000000025,422.48606,25.426100840141014,397.3363,454.3901,57.053800000000024,31.90404000000001,422.68148,44.80569042917566,314.9215,464.06,149.13850000000002,31.708619999999996,404.928545,44.08387889955947,314.9215,464.06,149.13850000000002,49.46155500000003,422.76381806122487,33.6282,44.0568,2.857199999999999,39.37044,6.328919374032197,33.6282,48.0191,14.390900000000002,-2.8850400000000036,38.618559999999995,4.8590506089610175,33.6282,48.0191,14.390900000000002,-2.1331599999999966,40.28418,4.8421590094980465,33.6282,49.334,15.705800000000004,-3.7987800000000007,38.826040729617446,25.7926,22.6264,0.6388999999999996,24.25836,2.056123112315992,21.6368,26.4315,4.794699999999999,2.17314,22.68588,2.6183060549395987,18.8837,26.4315,7.547799999999999,3.745619999999999,22.976665,2.8741256355125646,17.9323,28.1718,10.2395,3.454834999999999,23.776888858843492,7.54983443527075,4.060443010546419,1
5001018,133,0.0016620991413323,0.0002069553806885,100.0,616.0451,664.4023,1239.8658,1233.4782,15.3549,23.2712,666.3644,2727.6083,8978.8966,1.5101,52.8982,414.3841,2809.8572,5957.6302,6.9874,0.0287,371.4868,2113.5704,89.1553,33.7426,22.6809,776.8801,612.7373,-112.4778,659.05108,78.82523912334167,566.5708,776.8801,210.3093,5.351220000000012,694.36721,70.46206437289425,566.5708,776.8801,210.3093,-29.96491000000003,638.602575,85.80395111204241,481.3148,776.8801,295.5653,25.799724999999967,676.0323716718958,1595.2733,1504.4986,-355.4075,1501.66364,159.2173053687108,1239.8658,1656.5235,416.6577,-261.79783999999995,1594.5620700000002,225.85310109242423,1239.8658,1886.1831,646.3172999999999,-354.69627000000014,1603.731665,224.36532856646153,1239.8658,2006.9591,767.0933,-363.865865,1546.3162493303328,1625.0073,1662.9065,-391.52909999999997,1495.45104,171.38365663219832,1233.4782,1662.9065,429.42830000000004,-261.9728399999999,1381.83604,220.83304988944428,1027.9234,1662.9065,634.9831000000001,-148.3578399999999,1405.06547,216.23164934523146,1027.9234,1727.0329,699.1095,-171.58727,1415.8193475893956,680.913,461.9627,-14.548599999999965,542.9843,124.85902546738453,401.3825,680.913,279.5305,123.38010000000008,548.2149900000001,95.6249655159438,401.3825,680.913,279.5305,118.14940999999999,562.0107,83.63841110168042,401.3825,680.913,279.5305,104.3537,570.4827631918929,47.5905,56.1679,5.307700000000004,53.2479,3.774313046767559,47.5905,57.1958,9.6053,-0.34969999999999857,52.79108,5.779688557507059,41.3537,59.3639,18.010199999999998,0.10712000000000188,49.42013,6.909176771900421,35.9004,59.3639,23.463500000000003,3.4780700000000024,51.391796230206054,461.572,496.0776,-47.18790000000001,505.4431799999999,76.89283268765664,414.3841,615.9006,201.51650000000006,-91.05907999999994,504.09984000000003,84.4343561535261,394.2714,615.9006,221.62920000000003,-89.71574000000004,507.42338500000005,81.73547980111965,394.2714,633.6463,239.37489999999997,-93.03928500000006,500.9425962831646,7.16,7.1139,-0.1726000000000001,8.06718,1.382713940770103,6.9874,9.9996,3.012199999999999,-1.0797800000000004,7.852549999999999,1.0448327683839624,6.5056,9.9996,3.493999999999999,-0.865149999999999,8.437830000000002,1.2702033720712056,6.5056,10.2964,3.7908,-1.4504300000000017,7.914332970049354,348.8779,401.6167,22.608900000000006,385.11985999999996,27.517046708777105,348.8779,420.5201,71.6422,-13.633059999999944,385.21621,42.35953745027179,329.9485,480.1299,150.1814,-13.729409999999973,385.36818999999997,47.26390071269937,311.9606,480.1299,168.16930000000002,-13.881389999999953,381.0362656735097,35.2845,46.6172,-1.5418999999999983,38.852940000000004,5.0986053395021615,33.7426,46.6172,12.874599999999994,-5.110340000000001,39.58426,5.384581353416032,33.7426,47.922,14.179399999999994,-5.841659999999997,39.49131,5.516362512123172,32.5517,48.0703,15.518600000000006,-5.7487099999999955,38.38399580714478,21.6318,26.2906,1.0491000000000028,23.88908,1.8973097946829798,21.6318,26.2906,4.658800000000003,-1.2081799999999987,24.14093,2.893918171326431,18.2885,27.7416,9.4531,-1.4600299999999997,23.92328,3.2262782244692043,18.2885,29.038,10.749500000000001,-1.2423799999999972,23.706599071781014,11.532562594670797,4.897839799950911,0
5001019,139,0.002062756088134,0.0003142654970082,100.0,489.7433,732.2284,1168.6373,1474.1858,18.0785,26.0945,601.4602,2271.6974,8508.5827,1.1832,37.68,474.1419,2443.6093,10542.8282,9.7657,0.0377,417.2309,1917.7065,87.3063,31.1751,27.2731,752.9484,530.6557,-20.720000000000027,634.02986,113.85780473372498,503.2839,752.9484,249.66449999999998,98.19853999999998,659.4343799999999,88.40159822681481,503.2839,759.0335,255.7496,72.79402000000005,662.437725,85.17031619707875,503.2839,787.6863,284.40239999999994,69.79067499999996,661.1331594962719,1183.5585,1363.4695,-14.921199999999999,1326.0803,152.62287541237004,1168.6373,1535.4811,366.8437999999999,-157.44299999999998,1399.79221,188.61400729249152,1147.5814,1660.236,512.6546000000001,-231.15490999999997,1515.1471649999999,250.03519091849208,1147.5814,2009.3875,861.8061,-346.50986499999976,1387.0630426197722,1388.3794,1575.7164,85.80639999999994,1375.6647600000001,172.49463821657832,1118.3378,1575.7164,457.3786,98.52103999999986,1401.07029,202.12629774645305,1114.7817,1713.1199,598.3381999999999,73.11550999999986,1412.08718,213.93453002976955,1030.6158,1713.1199,682.5040999999999,62.09861999999998,1409.5995287004496,610.8551,520.8294,-9.394900000000007,577.17224,35.88277687934641,520.8294,610.8551,90.02570000000003,24.287959999999998,541.99847,78.88959917755778,402.3885,642.8582,240.4697,59.46172999999999,562.0489150000001,96.13012088843186,401.7558,694.8096,293.0538,39.41128499999991,564.5731511817537,51.82,50.712,-14.14,47.275459999999995,6.5728409883398315,37.68,52.9288,15.248800000000003,-9.595459999999996,45.88064000000001,5.986247069408328,37.68,53.1523,15.472299999999997,-8.200640000000007,47.60437,6.698668270091978,37.68,60.9639,23.283900000000003,-9.924370000000003,46.61219387764258,660.8756,607.9161,-186.73369999999994,569.50346,73.33656059049241,474.1419,660.8756,186.73369999999994,-95.36156,572.06943,67.2922163161373,459.4722,660.8756,201.40339999999998,-97.92752999999999,545.25577,69.83658146468653,405.1939,660.8756,255.68169999999998,-71.11386999999996,560.6781949304975,9.6244,7.7735,0.1413000000000011,8.60862,1.0002168899793713,7.7735,9.7657,1.9922000000000004,1.1570800000000006,8.82919,0.8507544474693588,7.7735,9.8049,2.0313999999999997,0.9365100000000002,8.530555,0.937411499528017,7.0609,10.0973,3.0364000000000004,1.235145000000001,8.804744169324206,306.4853,405.8391,110.74560000000002,362.48918000000003,50.362553100066705,306.4853,417.2309,110.74560000000002,54.74171999999999,370.54029,62.94106743236445,297.6516,473.6903,176.0387,46.69060999999999,391.185795,59.14623091991642,297.6516,499.3587,201.70710000000003,26.045105000000035,373.82350254865275,49.0862,35.4208,-17.911099999999998,39.1823,7.294768092612651,31.1751,49.0862,17.911099999999998,-8.007199999999997,39.84176,5.029246346278491,31.1751,49.0862,17.911099999999998,-8.66666,39.630424999999995,5.288253209547502,28.6794,50.3829,21.7035,-8.455324999999995,39.356325123875436,24.0071,28.4006,3.2659999999999982,23.949800000000003,3.975221909529069,19.1157,28.4006,9.2849,3.323299999999996,24.1954,3.688632379200847,18.8142,28.4774,9.6632,3.0777,23.77212,3.6524157454311856,17.9326,28.4774,10.544799999999999,3.5009799999999984,23.924932829711455,11.789826122551595,4.941642422609304,0
5001020,139,0.0018124202059923,0.0002487482470074,100.0,567.8693,573.1729,1814.5918,1484.7874,15.6927,25.2746,475.8475,3002.6141,9605.0104,1.368,56.0103,400.553,1941.5803,8141.1363,9.158,0.0312,495.9196,1893.3799,92.1573,42.5437,23.1232,786.9465,569.4917,-213.7736,643.83428,99.41381775705047,569.4917,786.9465,217.45479999999998,-70.66138000000001,644.18895,95.72460498252553,512.3354,786.9465,274.61109999999996,-71.01604999999995,617.94606,93.11287479849052,490.3566,786.9465,296.5899,-44.77315999999996,638.4265275747371,1871.2484,1460.0412,-56.656600000000026,1640.6184600000001,196.33023843246332,1447.9104,1871.2484,423.33799999999997,173.97333999999978,1639.48469,231.1762633802587,1266.1811,2021.434,755.2529,175.10710999999992,1598.1239300000002,237.79079857293834,1174.4414,2021.434,846.9926,216.46786999999972,1663.7514582426095,1101.3855,1227.9532,383.40189999999984,1254.01268,189.3820294832572,1047.8652,1484.7874,436.9222,230.7747199999999,1376.7695600000002,238.17185407099169,1047.8652,1799.9081,752.0429000000001,108.01783999999975,1395.73557,251.8656529957717,999.7169,1799.9081,800.1912000000001,89.05182999999988,1348.673150777621,533.1049,490.3377,-57.25740000000002,531.41498,75.78189564805027,475.8475,661.6131,185.7656,-55.56747999999999,548.90906,70.77217337501143,475.8475,661.6131,185.7656,-73.06155999999993,569.2898849999999,75.74217107320328,475.8475,687.34,211.4925,-93.44238499999989,541.2696787725032,46.6535,39.6772,9.3568,44.10844,7.53300381408374,36.9722,56.0103,19.0381,11.90186,45.25462,8.709006125691568,32.7875,57.6206,24.8331,10.755679999999998,46.850755,7.906781840092464,32.7875,58.2859,25.498399999999997,9.159545000000001,46.787551992771085,489.1074,539.3511,-88.55439999999999,491.73184000000003,112.7318843978181,374.8607,654.787,279.9263,-91.17884000000004,472.43076,82.66588684469836,374.8607,654.787,279.9263,-71.87776000000002,483.012935,64.03621376289026,374.8607,654.787,279.9263,-82.45993500000003,468.6467902070993,6.9101,6.5264,2.2478999999999996,8.02238,1.209906726570273,6.5264,9.158,2.6315999999999997,1.1356199999999994,7.96658,1.3716887951232504,6.459,10.6192,4.1602,1.191419999999999,8.10484,1.2066960997961185,6.459,10.6192,4.1602,1.05316,8.044842742717574,392.4246,332.0167,103.495,389.79472,76.27180851938023,303.6329,495.9196,192.2867,106.12488000000002,376.40864,69.81339677139658,273.1351,495.9196,222.78449999999998,119.51096000000001,374.50789,61.8422641016635,273.1351,495.9196,222.78449999999998,121.41171000000003,393.5220508251964,32.2904,30.0536,10.253300000000003,37.769940000000005,8.347768440906842,30.0536,50.0717,20.0181,4.773759999999996,39.47088,6.624696263863313,30.0536,50.0717,20.0181,3.07282,38.962374999999994,6.636366835604448,29.9839,50.0717,20.0878,3.5813250000000068,39.098560481105906,23.1189,21.2343,0.004300000000000637,23.254219999999997,4.251059340564425,18.6721,30.1226,11.450499999999998,-0.13101999999999592,22.66482,3.3388764014261016,18.6721,30.1226,11.450499999999998,0.4583800000000018,23.748305,3.715625069108049,18.6721,30.1455,11.473399999999998,-0.6251049999999978,23.45508571955529,11.789826122551595,4.941642422609304,1
5001021,61,0.0015737429074829,0.0003926398717489,100.0,520.0821,825.3794,1385.2991,1744.4266,12.5818,24.0087,607.5877,2831.6214,7147.9317,1.1984,49.4888,628.3303,2235.2579,8495.4637,6.2614,0.0345,462.2482,2632.4216,116.1769,36.0866,21.0174,638.8707,790.2644,186.50869999999998,716.0188800000001,114.83391715437173,554.0317,825.3794,271.34770000000003,109.36051999999995,665.3865699999999,107.31493684399777,489.4907,825.3794,335.88870000000003,159.99283000000014,637.74847,109.77959298047156,481.9799,825.3794,343.39950000000005,187.63093000000003,684.4298039611433,1563.0774,1921.921,-177.77829999999994,1621.53966,194.90389397818,1385.2991,1921.921,536.6219000000001,-236.24055999999996,1607.12351,281.84886650642875,1227.9235,2069.3754,841.4518999999998,-221.82440999999994,1642.968345,309.25523067039177,1174.8797,2080.774,905.8942999999999,-257.66924500000005,1621.4201013684315,1508.1819,1232.7862,236.24469999999997,1463.39128,188.88909432965391,1232.7862,1744.4266,511.6404,281.03531999999996,1418.24781,183.60345612468134,1182.6466,1744.4266,561.78,326.17878999999994,1475.21904,185.59370227106112,1182.6466,1843.406,660.7593999999999,269.20756000000006,1481.3477166679058,471.1453,454.8165,136.44240000000002,567.93758,100.3702410773582,454.8165,685.1994,230.38289999999995,39.650120000000015,526.73256,90.38132178693657,425.1659,685.1994,260.03349999999995,80.85514,519.511435,89.7296989176897,409.8313,694.6545,284.8232,88.07626500000003,541.9807096002755,49.8951,43.1948,-0.40630000000000166,44.225620000000006,6.072309818512199,34.941,49.8951,14.954099999999997,5.263179999999991,48.558679999999995,8.11299339164584,34.941,60.0964,25.1554,0.9301200000000023,48.164335,8.359951195039804,34.941,60.5972,25.6562,1.3244649999999965,47.844928803450685,495.4209,546.2521,132.90939999999995,516.26164,73.08471690796907,447.7339,628.3303,180.59639999999996,112.06865999999991,516.14052,59.88119028043603,447.7339,628.3303,180.59639999999996,112.18977999999993,536.85226,81.41824837735871,403.3343,665.1381,261.8038,91.47803999999996,531.1783954703193,7.8945,9.2395,-1.6330999999999998,8.113240000000001,1.2237583801551666,6.2614,9.2395,2.9780999999999995,-1.851840000000001,8.250150000000001,0.9572157196206534,6.2614,9.2395,2.9780999999999995,-1.9887500000000014,8.238285000000001,1.1595728738475888,6.1855,10.0584,3.8729000000000005,-1.9768850000000011,8.03871151483807,324.3222,448.0356,137.926,403.75314,76.4592765594732,316.5164,467.6433,151.12690000000003,58.495060000000024,373.30224,67.7625944024873,297.6373,467.6433,170.00600000000003,88.94596000000001,389.59559,72.88670024023877,275.9102,481.2169,205.30670000000003,72.65260999999998,389.1280739763282,47.7349,49.2862,-11.648300000000006,42.333099999999995,6.160131499813952,36.0866,49.2862,13.199600000000004,-6.2464999999999975,38.80384,6.65712060315035,27.8077,49.2862,21.4785,-2.717240000000004,38.526844999999994,6.808329836656743,27.8077,49.5751,21.7674,-2.4402449999999973,39.701350180554094,28.5731,30.0904,-7.555700000000002,26.587799999999998,3.4430719706389947,21.0174,30.0904,9.073,-5.570399999999999,25.49996,4.112752343950053,18.8634,30.6498,11.7864,-4.482560000000003,24.91079,4.626653355219999,17.2522,30.6498,13.3976,-3.89339,25.272499078671984,7.810249675906654,4.127134385045092,0
5001022,129,0.0021882556966225,0.0002472576793566,100.0,376.6762,650.5987,1323.5218,1582.7231,10.7856,18.5764,540.4525,2002.135,9511.5455,0.9745,59.149,359.4107,2597.9581,9860.2974,7.8198,0.0274,400.8931,1646.2345,71.5583,36.9956,25.8228,449.8099,619.3755,200.78879999999998,616.5618,101.39119800155181,449.8099,724.5874,274.7775,34.03690000000006,682.09674,101.2121015623372,449.8099,820.9241,371.1141999999999,-31.498039999999946,666.435645,111.97327516797773,449.8099,820.9241,371.1141999999999,-15.836945000000014,647.6341693619494,2011.5206,1332.9292,-687.9988000000001,1616.58808,305.3255349857542,1323.5218,2011.5206,687.9988000000001,-293.06628,1576.12225,287.77270592524593,1134.0539,2011.5206,877.4667,-252.6004499999999,1567.78443,265.96913334596627,1125.518,2011.5206,886.0026,-244.26262999999994,1581.2838611033865,1168.3425,1481.3522,414.38059999999996,1437.36492,282.09883756250633,1145.7612,1808.6456,662.8844000000001,145.35817999999995,1422.99924,223.23260945317514,1145.7612,1808.6456,662.8844000000001,159.72385999999983,1444.20003,220.64728224046462,1035.6061,1808.6456,773.0395000000001,138.52306999999996,1417.4142754852933,568.5027,570.8867,-28.050200000000018,592.6194800000001,63.11926943891135,540.4525,702.2793,161.82680000000005,-52.16698000000008,576.19049,106.48467961937517,396.1626,702.7864,306.62379999999996,-35.73798999999997,572.5962400000001,103.83355594888332,396.1626,722.4791,326.3165,-32.14374000000009,571.2961445625173,34.0189,51.6879,25.1301,45.3541,10.618671087052274,34.0189,59.149,25.1301,13.794899999999998,48.80715,8.819520106275634,34.0189,59.149,25.1301,10.34185,51.22796999999999,7.949083903861609,34.0189,61.8945,27.8756,7.921030000000009,48.680452029906895,447.4839,427.964,-88.07319999999999,496.33468000000005,120.78484679547773,359.4107,634.6288,275.21809999999994,-136.92398000000003,525.18488,103.50969904923879,359.4107,658.3211,298.9104,-165.77418,551.632725,87.84962572245645,359.4107,665.7252,306.31449999999995,-192.22202500000003,508.06450439725666,10.8406,9.7648,-3.0208000000000004,8.59342,1.623002646947931,7.1754,10.8406,3.6652000000000005,-0.7736200000000002,8.673689999999999,1.2760017671966153,7.1754,10.8406,3.6652000000000005,-0.8538899999999989,8.54067,1.3037374647325912,6.7371,10.8406,4.1035,-0.7208700000000006,8.645569941228308,283.3966,317.131,117.49650000000003,385.79182,87.74989020418762,283.3966,503.8447,220.4481,15.101280000000031,399.32924,85.51728534502634,283.3966,519.5951,236.19850000000002,1.563859999999977,378.78400999999997,70.86381012170568,276.8968,519.5951,242.69830000000002,22.109090000000037,390.97043767692406,29.6168,48.9049,7.378800000000002,40.45376,8.093095369696313,29.6168,48.9049,19.288099999999996,-3.4581599999999995,39.85719,6.910677767283196,29.6168,48.9049,19.288099999999996,-2.8615899999999996,39.730165,6.833565719398767,27.8347,50.1609,22.326199999999996,-2.7345649999999964,38.942044282955266,17.7714,19.7509,8.051400000000001,20.907500000000002,3.1835467924941883,17.7714,25.8228,8.051400000000001,4.9152999999999984,22.25813,3.8791927075531145,17.6543,27.2339,9.5796,3.5646699999999996,23.618904999999998,3.7144447009330293,17.6543,29.5834,11.929100000000002,2.203895000000003,22.28441485815099,11.357816691600547,4.867534450455582,0
5001023,86,0.001569852496438,0.0003441616992917,100.0,528.8813,490.6137,1585.7055,1251.4522,10.9921,21.7983,450.3389,2893.7174,8616.6314,0.9236,60.8345,618.8281,2661.6791,7175.7558,11.0306,0.0221,487.858,2855.839,93.2603,29.1516,27.7789,683.1547,834.7499,-192.54100000000005,644.2801,127.8715266672764,490.6137,834.7499,344.13620000000003,-153.66639999999995,657.43758,143.5606659672009,476.0012,858.0425,382.04130000000004,-166.82388000000003,650.86049,122.25913166559442,476.0012,858.0425,382.04130000000004,-160.24679000000003,640.921405325911,1713.8129,1760.0557,-128.10739999999987,1565.40528,251.42501318411396,1132.2129,1760.0557,627.8427999999999,20.30022000000008,1690.94899,277.81851539450696,1132.2129,2027.2377,895.0247999999999,-105.24349000000007,1639.8977149999998,262.4347826022191,1078.2834,2027.2377,948.9542999999999,-54.192214999999806,1653.207258059459,1757.165,1338.0594,-505.7128,1393.0011200000001,342.8540045532971,921.564,1757.165,835.601,-141.54892000000018,1358.80584,288.74419323859144,921.564,1757.165,835.601,-107.35364000000004,1284.9246099999998,255.33252690228304,921.564,1757.165,835.601,-33.472409999999854,1340.2960797092087,588.8239,620.4776,-138.48499999999996,559.46592,70.39090527420403,450.3389,620.4776,170.13870000000003,-109.12701999999996,576.96057,77.31155984226795,450.3389,698.9392,248.6003,-126.62166999999994,612.92577,77.84785373153488,450.3389,719.7569,269.41799999999995,-162.58687000000003,567.8758982595624,52.3712,58.3012,8.463299999999997,55.572320000000005,4.7959050936189405,48.9853,60.8345,11.849199999999996,5.262179999999994,51.276430000000005,6.730148897155918,39.8846,60.8345,20.9499,9.558069999999994,47.847485,8.957771088617907,32.4426,60.8345,28.3919,12.987015,52.50360833535265,365.8103,505.4129,253.01779999999997,535.2857,123.24994523950093,365.8103,686.6313,320.821,83.54239999999993,548.84892,95.09390041056845,365.8103,686.6313,320.821,69.97917999999993,511.37771999999995,98.74539934908411,365.8103,686.6313,320.821,107.45038,535.8406678951267,6.751,6.8005,4.279599999999999,7.674600000000001,2.052569673604286,5.7211,11.0306,5.3095,3.355999999999999,7.934019999999999,1.5696233078176591,5.7211,11.0306,5.3095,3.0965800000000003,7.656715,1.5832563184030433,5.7211,11.0306,5.3095,3.3738849999999996,7.982720999309418,411.7817,390.0279,76.0763,429.06702000000007,44.9683285413968,390.0279,487.858,97.83010000000002,58.790979999999934,409.11926000000005,47.05246248002084,325.465,487.858,162.39300000000003,78.73873999999995,422.64957999999996,52.71073398413176,325.465,512.5831,187.11809999999997,65.20842000000005,423.3952303234254,30.9951,51.197,-1.8435000000000024,35.59776,8.909271287989858,29.1516,51.197,22.045400000000004,-6.4461600000000026,36.22462,8.227250353253577,27.3681,51.197,23.828900000000004,-7.073020000000003,37.002565,7.675814384173801,27.3681,51.197,23.828900000000004,-7.850964999999999,35.62334998189053,27.7165,28.8939,0.06240000000000023,25.244139999999998,4.462198528528275,18.0595,28.8939,10.834399999999999,2.534760000000002,25.20034,4.963233815926426,17.8799,31.1558,13.2759,2.5785599999999995,25.167814999999997,4.7573195064663505,17.8799,31.1558,13.2759,2.6110850000000028,25.201535256628276,9.273618495495704,4.465908118654584,1
5001024,58,0.0009265433091972,0.0003988756233679,100.0,631.6949,531.6124,1615.3554,1812.8848,14.4824,26.1348,534.9742,1969.2778,8500.2739,1.1314,48.1593,361.4391,2222.4585,5369.7737,5.8335,0.0285,417.5099,2387.9131,85.0347,33.866,19.3134,622.9336,551.801,-91.32119999999998,553.51044,42.471489111497746,509.821,622.9336,113.11259999999993,-21.898040000000037,598.5282100000001,86.78231033316057,482.7249,760.134,277.4091,-66.91581000000008,598.2191949999999,100.45368283530097,474.0517,847.1823,373.1306000000001,-66.60679499999992,582.4327455326699,1295.2085,1535.9355,320.14689999999996,1537.03296,193.75476264627113,1295.2085,1809.0726,513.8641,78.32243999999992,1641.35172,245.85177097393378,1295.2085,2068.2772,773.0687,-25.99631999999997,1521.698965,277.77269017204134,1043.8301,2068.2772,1024.4471,93.65643499999987,1575.1616057062893,1172.1052,1555.3197,640.7796000000001,1593.33484,253.97211558526084,1172.1052,1812.8848,640.7796000000001,219.54996000000006,1520.10216,226.08118963926918,1150.5501,1812.8848,662.3347000000001,292.78264000000013,1494.67436,230.49236525991452,1119.8404,1832.6896,712.8491999999999,318.21044000000006,1538.227148349274,400.8836,599.9885,134.0906,565.686,103.08480660298609,400.8836,657.0528,256.16920000000005,-30.71180000000004,553.92439,87.57739277690925,400.8836,657.0528,256.16920000000005,-18.95019000000002,564.6954949999999,90.17101346838848,400.8836,717.1645,316.2809,-29.72129499999994,554.082037602688,57.5082,63.5976,-9.3489,53.21446000000001,10.258450657531101,37.8477,63.5976,25.749899999999997,-5.055160000000008,48.57092,11.61683082120268,31.1306,63.5976,32.467,-0.4116199999999992,46.994115,9.197991672572362,31.1306,63.5976,32.467,1.165185000000001,50.06553588300913,570.2857,528.8719,-208.84660000000002,502.51288000000005,131.18759199894674,361.4391,671.842,310.4029,-141.07378000000006,506.34941,130.87472280473608,361.4391,677.9334,316.4943,-144.91030999999998,516.148735,109.82922306499911,361.4391,677.9334,316.4943,-154.709635,488.45739231801457,9.9624,10.8774,-4.128900000000001,9.07668,2.0368786456242294,5.8335,10.8774,5.0439,-3.2431799999999997,8.90662,2.04149454120695,5.8335,11.4877,5.6542,-3.0731200000000003,8.639244999999999,1.9185158160123348,5.3495,11.4877,6.1382,-2.805744999999999,8.576930373682972,310.493,473.6564,107.01690000000002,423.47209999999995,74.50688310005314,310.493,505.4061,194.9131,-5.962199999999939,377.5492,82.0647236467385,260.9428,505.4061,244.4633,39.96070000000003,358.968205,71.24297188906262,260.9428,505.4061,244.4633,58.541695000000004,384.8278589711763,47.0067,38.1746,-13.140700000000002,40.27506,6.248483006938552,33.866,47.0067,13.140700000000002,-6.409060000000004,39.58361,5.433107455315067,33.7674,47.0067,13.2393,-5.7176100000000005,39.20349,5.33399222355519,28.9004,50.5505,21.6501,-5.3374900000000025,39.69678714816111,18.5159,25.2064,0.797500000000003,21.49846,2.6915020031573467,18.5159,25.2064,6.6905,-2.18506,22.099759999999996,3.375656296419346,17.3901,28.7171,11.326999999999998,-2.786359999999995,23.0017,4.2137639816002475,16.5244,30.1475,13.6231,-3.688299999999998,22.000753498041487,7.615773105863909,4.07753744390572,0
5001025,103,0.0022084850121015,0.0002486693547997,100.0,566.2334,761.5089,1601.5833,1546.7797,17.3417,15.4687,703.7921,1758.6774,9007.2729,1.4389,54.603,584.4803,2188.4391,11002.9033,8.806,0.0372,380.6158,1793.855,111.1632,30.3571,23.0562,786.7319,687.9917,-25.222999999999956,697.42456,146.9916941292196,446.7099,804.1804,357.47049999999996,64.08434,695.33294,125.73264386242725,446.7099,804.1804,357.47049999999996,66.17596000000003,670.23333,124.21497848906579,446.7099,807.5471,360.8372,91.27557000000002,685.3069125486595,1190.3235,1560.6783,411.25980000000004,1548.33732,352.1447985695835,1190.3235,2095.8647,905.5412000000001,53.24597999999992,1525.87543,244.91939332557777,1190.3235,2095.8647,905.5412000000001,75.70786999999996,1474.56862,276.22669751082066,1009.1347,2095.8647,1086.73,127.01468,1503.1172551621835,1585.9515,1231.2011,-39.17179999999985,1505.5398400000001,201.96779735162647,1231.2011,1766.3811,535.1800000000001,41.23985999999991,1476.8675700000001,248.56318068169318,1069.5778,1863.2215,793.6437000000001,69.91212999999993,1436.252735,305.7056771135051,903.6071,1863.2215,959.6144000000002,110.52696500000002,1488.5780333244647,483.0066,674.4735,220.7855,538.7322,144.33158719535405,368.6571,703.7921,335.135,165.05989999999997,569.4630500000001,123.6793396051639,368.6571,728.2924,359.63530000000003,134.32904999999994,559.41054,101.05620215185311,368.6571,728.2924,359.63530000000003,144.38156000000004,565.9737012040747,42.167,63.8567,12.436,52.183640000000004,7.954995457132571,42.167,63.8567,21.689699999999995,2.4193599999999975,46.741510000000005,8.559101520921727,34.7571,63.8567,29.099599999999995,7.861489999999996,46.243165,8.56285723983316,30.9597,63.8567,32.89699999999999,8.359835000000004,47.775535618512386,474.2765,625.6511,110.20380000000006,564.39058,78.03497876732588,474.2765,646.369,172.09250000000003,20.089720000000057,549.7225000000001,78.7627984100502,449.2606,646.369,197.10840000000002,34.757799999999975,553.438425,92.17316399317374,387.9914,699.3002,311.3088,31.041875000000005,550.587459088727,9.7512,10.2797,-0.9452000000000016,9.00968,1.1247341850410688,7.3242,10.2797,2.9555,-0.2036800000000003,8.67431,1.7287572276381409,5.664,10.4427,4.778700000000001,0.13168999999999897,8.596124999999999,1.7502842782260453,5.664,11.5511,5.8871,0.20987500000000026,8.626234418625321,366.9622,384.9579,13.653599999999983,368.8763,31.053414927347962,316.416,395.4296,79.0136,11.739499999999964,396.78788999999995,79.85851118280593,289.4675,534.8558,245.38830000000007,-16.17208999999997,417.32750500000003,74.00367486514274,289.4675,534.8558,245.38830000000007,-36.71170500000005,393.414562980295,32.8404,41.3356,-2.4833000000000034,35.078720000000004,4.331735987684364,30.3571,41.3356,10.9785,-4.721620000000005,36.086870000000005,6.157155327124136,29.2321,48.1304,18.898300000000003,-5.729770000000006,36.509744999999995,7.155822175607865,28.8402,51.865,23.024800000000003,-6.152644999999996,34.90667704509959,20.167,30.5239,2.889199999999999,25.019119999999997,3.830808985971487,20.167,30.5239,10.3569,-1.962919999999997,24.58378,3.4834711870010753,19.6998,30.5239,10.824100000000001,-1.5275800000000004,24.84523,3.51270096171322,18.6806,31.0654,12.384800000000002,-1.7890300000000003,24.19717411017743,10.14889156509222,4.6443908991413725,0
5001026,138,0.0008993667876191,0.0003355926683053,100.0,661.9296,754.9184,1584.3712,1776.3551,19.7073,18.9375,570.5586,2967.6311,8730.9895,1.2239,39.0085,645.7383,1785.5333,9962.2219,8.2355,0.0369,510.5493,1849.18,93.9627,41.8222,18.8702,467.5259,760.4526,287.39250000000004,664.33926,121.49038011016718,467.5259,760.4526,292.9267,90.57914000000005,643.31393,134.21538693722448,467.5259,892.5259,425.0,111.60446999999999,621.290265,134.45638535137775,441.7326,892.5259,450.7933,133.62813500000004,648.0608900206065,1661.9809,1439.922,-77.60969999999998,1473.2322,174.39274803518651,1203.8699,1661.9809,458.1110000000001,111.13900000000012,1506.4244899999999,314.47752282145865,1113.4732,2044.0715,930.5983000000001,77.94671000000017,1620.6448,338.74127087628204,1113.4732,2171.6933,1058.2201,-36.27359999999999,1546.9331886039786,1094.1165,1013.6033,682.2385999999999,1278.93742,300.9340697044404,1013.6033,1776.3551,762.7518,497.41768,1361.82975,318.8463264400554,882.5154,1809.2306,926.7152000000001,414.5253499999999,1404.7151099999999,286.2014952314947,882.5154,1809.2306,926.7152000000001,371.6399900000001,1391.3634585943787,380.2349,694.469,190.32369999999997,562.97752,116.74636670079671,380.2349,694.469,314.23410000000007,7.581079999999929,565.10572,106.46197802632298,380.2349,694.469,314.23410000000007,5.4528799999999364,580.380445,87.74234624700271,380.2349,725.2196,344.98470000000003,-9.821845000000053,559.1805469713864,55.0769,55.7742,-16.068400000000004,50.27178,7.738817505084294,39.0085,56.1752,17.1667,-11.263280000000002,48.598969999999994,6.49959978016595,39.0085,56.1752,17.1667,-9.590469999999996,47.705025,9.700763955042266,29.8061,61.4054,31.5993,-8.696525000000001,48.936699754644266,498.4269,706.2952,147.3114,600.96268,85.37873935457766,498.4269,706.2952,207.86830000000003,44.77562,588.60882,76.92235316490405,453.0466,706.2952,253.2486,57.129479999999944,568.125865,68.91081007518514,441.5729,706.2952,264.7223,77.612435,589.054866229948,6.8028,11.065,1.4326999999999996,9.300540000000002,1.9432293876431574,6.8028,11.4247,4.621899999999999,-1.0650400000000015,9.064179999999999,1.7789662658721512,6.6736,11.4247,4.751099999999999,-0.8286799999999985,8.452000000000002,1.8734379711052473,5.6337,11.4247,5.7909999999999995,-0.2165000000000017,8.751159462721791,256.0481,435.2877,254.50120000000004,420.38886,102.58500765123047,256.0481,510.5493,254.50120000000004,90.16044,417.45122000000003,84.06892984985343,256.0481,510.5493,254.50120000000004,93.09807999999998,393.712135,81.41406222942126,256.0481,517.6017,261.5536000000001,116.83716500000003,406.5976850042146,27.8154,32.6495,14.006800000000002,38.755880000000005,8.133796709839732,27.8154,46.2573,18.4419,3.0663199999999975,40.58549,8.09065215232301,27.8154,49.8396,22.024199999999997,1.2367100000000022,40.627375,8.153339752962383,24.3229,50.9945,26.6716,1.1948250000000016,39.56468801750111,15.8005,17.6345,3.069700000000001,18.9259,3.7689162295015626,15.8005,25.368,9.567499999999999,-0.055699999999998084,20.07756,3.971811452445535,15.8005,25.7066,9.906100000000002,-1.2073599999999978,22.301855,4.459249771745897,15.707,31.2553,15.548299999999998,-3.4316549999999992,20.09086034256269,11.74734012447073,4.9344739331306915,1
5001027,140,0.0023950251620549,0.0003889477641362,100.0,678.4662,537.5615,1826.965,1648.0886,12.8062,17.4645,560.5748,3051.7927,10698.5632,1.5207,31.3481,705.7673,1801.6509,5605.0363,8.7642,0.0308,503.0642,2336.5019,73.5533,51.8884,16.9316,722.7267,760.862,-185.16520000000003,714.50382,102.74372612060999,537.5615,800.3185,262.75699999999995,-176.94232,711.67415,101.93213799134764,536.3376,800.3185,263.9809,-174.11265000000003,685.969075,115.70821416641023,486.4653,871.863,385.39770000000004,-148.40757499999995,694.7411829156324,1648.0301,1356.3299,178.93489999999997,1631.10822,285.8045363910582,1337.5579,1986.6582,649.1003000000001,195.85677999999984,1585.1061300000001,361.21273756613004,1024.2596,2111.988,1087.7283999999997,241.8588699999998,1552.76905,313.97049059803606,1024.2596,2111.988,1087.7283999999997,274.1959499999998,1628.239530749434,1283.0399,1544.6818,365.04870000000005,1497.2378999999999,231.63530146752282,1237.2292,1773.15,535.9208000000001,150.8507000000002,1556.21974,225.28994149462022,1237.2292,1900.4009,663.1717000000001,91.86886000000004,1462.094225,241.86977726298383,966.8994,1900.4009,933.5015000000001,185.994375,1488.7073848223276,513.5375,412.8722,47.03729999999996,524.7769400000001,113.89771651371234,412.8722,699.113,286.24080000000004,35.7978599999999,518.23173,116.61844564912482,375.6843,699.113,323.42870000000005,42.34307000000001,533.76852,121.00600136260152,345.4681,743.6095,398.14140000000003,26.806280000000015,531.8897401617952,42.0083,52.8421,-10.6602,41.65532,8.72505016042892,31.3481,52.8421,21.494000000000003,-10.307220000000004,44.68423,9.591334291495732,31.3481,64.706,33.3579,-13.33613,48.033415000000005,10.30725999882837,31.3481,66.5091,35.161,-16.685315000000006,43.71345785920456,633.1542,587.9615,72.61310000000003,623.9865,66.05367231626875,533.7788,705.7673,171.98849999999993,81.7808,580.72335,115.1955256075437,379.0178,705.7673,326.74949999999995,125.04395,522.495155,118.39026158545805,324.2439,705.7673,381.5234,183.27214500000002,590.2093141545422,8.9685,8.8145,-0.20429999999999993,8.33362,1.2431051994903664,6.1172,9.0037,2.8865,0.43058000000000085,8.1371,1.231823568716089,6.1172,9.4841,3.3668999999999993,0.6271000000000004,8.097545,1.4899123543544106,5.4059,10.2543,4.848400000000001,0.6666550000000004,8.275208807192705,282.0872,277.754,220.97700000000003,374.7138,112.98680784084934,277.754,503.0642,225.3102,128.35040000000004,412.26075000000003,94.36259696050993,277.754,507.1189,229.36489999999998,90.80345,426.191395,89.33352075140432,277.754,535.2578,257.50379999999996,76.87280500000003,401.943825103271,48.8116,44.9233,3.0767999999999986,41.2446,10.768440503387684,25.8177,51.8884,26.0707,10.643799999999999,39.23475,8.383605792424765,25.8177,51.8884,26.0707,12.653649999999999,38.686705,8.636564928346944,24.5176,51.8884,27.370799999999996,13.201694999999994,40.5519824070932,26.5994,27.6108,-9.6678,24.96612,4.515958342589087,16.9316,27.6108,10.679200000000002,-8.03452,26.04287,4.034978946675092,16.9316,30.3533,13.421700000000001,-9.111270000000001,25.248615,4.58401682362061,15.1808,30.7204,15.539600000000002,-8.317015000000001,24.466586624187048,11.832159566199232,4.948759890378168,0
5001028,125,0.0020585254238217,0.0003698251966003,100.0,694.4471,690.3642,1887.1934,1807.3141,15.1611,26.3528,597.9025,2337.7722,8541.5289,1.2275,58.8777,362.2705,3194.0008,10212.8024,8.952,0.0404,389.3204,2413.7145,63.5579,37.7544,21.9501,580.9003,696.1475,109.46389999999997,637.39028,87.9806796782506,509.8026,709.7368,199.93420000000003,52.97392000000002,599.05992,117.59642988566956,387.7293,709.7368,322.0075,91.30427999999995,648.596835,134.4052215309606,387.7293,888.1538,500.4245,41.76736499999993,637.6313986218183,1587.155,1270.4427,300.03840000000014,1504.25208,359.4094791710804,1013.0035,1887.1934,874.1899000000001,382.94132000000013,1503.7931800000001,334.2076666323165,1013.0035,2035.3552,1022.3516999999999,383.40022,1532.83475,346.84823216537876,1013.0035,2089.2397,1076.2362,354.3586500000001,1548.1216109771756,1347.6086,1089.7342,459.70550000000003,1485.5809000000002,314.21120815250174,1089.7342,1807.4725,717.7383,321.7331999999999,1509.6893300000002,323.2034331382426,897.1643,1846.8442,949.6799,297.6247699999999,1470.3876100000002,288.46170038385833,897.1643,1870.3749,973.2106,336.92648999999983,1493.5539221248648,420.288,687.1399,177.61450000000002,581.4708400000001,133.39897229014946,420.288,729.4673,309.1793,16.431659999999965,570.016,103.42217178332704,420.288,729.4673,309.1793,27.88650000000007,536.4273949999999,113.36623131560684,357.4339,731.7664,374.3325,61.4751050000001,560.5119112070225,59.844,38.9369,-0.9663000000000039,50.05742,9.076040144082633,38.9369,59.844,20.9071,8.820279999999997,51.854769999999995,8.926409514724032,38.9369,64.9155,25.978599999999993,7.022930000000002,50.691365,9.221897271356214,32.9376,64.9155,31.97789999999999,8.186335,51.9831379360829,417.8285,342.0884,-55.55799999999999,412.03094,80.3319402456023,342.0884,546.1976,204.1092,-49.76043999999996,490.07383,126.18230216217653,342.0884,707.4553,365.3669,-127.80332999999996,515.4426649999999,108.85375351394676,342.0884,707.4553,365.3669,-153.1721649999999,460.7469881421848,9.2127,11.484,-0.26069999999999993,10.2565,1.120698630319502,8.952,11.484,2.532,-1.3045000000000009,8.90639,1.8281803439182045,6.3515,11.484,5.1325,0.04560999999999993,8.88766,1.8125429596070426,5.7963,11.6553,5.859000000000001,0.06433999999999962,9.280557438623806,368.8911,376.065,20.429300000000012,368.78891999999996,68.28185716606562,260.5322,449.1359,188.6037,20.531480000000045,365.10873,80.76423498548878,242.2109,494.9151,252.7042,24.211670000000026,381.27704000000006,88.40108445356726,239.5024,502.5198,263.01739999999995,8.04335999999995,369.194537732672,45.7497,27.3505,-7.9953,39.477259999999994,9.22885226791499,27.3505,51.0956,23.745099999999997,-1.7228599999999972,38.379839999999994,9.399821984508245,26.8099,51.0956,24.2857,-0.6254399999999976,38.341855,8.639882447876907,24.1822,51.0956,26.913399999999996,-0.5874550000000056,38.759419770985076,19.9935,31.7806,1.9565999999999981,22.800900000000002,5.401853611030191,17.5594,31.7806,14.2212,-0.8508000000000031,22.55568,4.464062357141129,15.3521,31.7806,16.4285,-0.6055799999999998,22.255950000000002,4.766684061660074,15.3521,31.7806,16.4285,-0.30585000000000306,22.295255940933757,11.180339887498949,4.836281906951478,0
5001029,148,0.0022043667906235,0.0002706991974943,100.0,483.5615,580.1028,1274.959,862.0243,10.6012,20.5402,690.8772,3102.7109,7961.8073,1.6282,54.417,340.5844,3034.0417,9363.275,9.6207,0.0221,314.7625,2610.4901,132.5294,46.333,22.666,680.7704,762.8161,-100.6676,700.53476,78.04277277264664,580.1028,775.2265,195.12369999999999,-120.43196,710.78313,96.77426670657762,570.6025,863.723,293.1205,-130.68033000000003,633.58816,123.2366766359345,425.6448,863.723,438.0782,-53.485360000000014,682.2806416222655,1703.3202,1379.0584,-428.36120000000005,1592.61644,278.53832913134846,1274.959,1980.5669,705.6079,-317.65743999999995,1689.97576,302.983991633859,1274.959,2189.0793,914.1202999999998,-415.01676,1670.82645,363.09495812503167,957.3962,2189.0793,1231.6830999999997,-395.86744999999996,1628.443464440186,941.4079,1603.587,-79.3836,1256.94172,398.9782485495001,862.0243,1750.9928,888.9685,-394.91742,1486.81161,366.3227417904212,862.0243,1843.552,981.5276999999999,-624.7873099999999,1495.684495,306.9238825127396,862.0243,1843.552,981.5276999999999,-633.6601949999999,1354.7122286910187,477.5262,665.0666,213.351,622.2451199999999,121.37223482713053,477.5262,763.1436,285.6174,68.63208000000009,563.0671199999999,138.35768671756213,395.3026,763.1436,367.841,127.81008000000008,571.622015,125.22413518678913,352.4605,763.1436,410.68309999999997,119.25518499999998,595.9192618077279,34.6912,64.3634,19.7258,50.46728,12.662236798330676,34.6912,64.3634,29.672199999999997,3.9497199999999992,51.096500000000006,9.238209577979193,34.6912,64.3634,29.672199999999997,3.3204999999999956,49.32349000000001,8.956517969430804,34.6912,64.3634,29.672199999999997,5.093509999999995,49.53233726769191,417.9127,401.5029,-77.32829999999996,373.951,50.33066123805755,301.9623,417.9127,115.95039999999995,-33.366600000000005,438.14017,116.02030897197895,301.9623,702.8279,400.8656,-97.55577,480.8938099999999,130.53004131464962,301.9623,702.8279,400.8656,-140.3094099999999,430.22868581087687,7.0394,6.4863,2.5812999999999997,7.2983400000000005,1.327647887431014,6.4008,9.6207,3.219899999999999,2.322359999999999,7.79468,1.835099384411274,5.5915,10.9619,5.3704,1.8260199999999998,7.8705750000000005,2.0947308674951137,5.0305,11.5712,6.540699999999999,1.7501249999999988,7.781305053769458,336.7632,500.9187,-22.000699999999995,352.0062,92.37659185648708,250.4529,500.9187,250.4658,-37.24369999999999,363.79237,84.85555848178501,250.4529,500.9187,250.4658,-49.02987000000002,390.20644,93.13365197320279,247.2734,525.2802,278.0068,-75.44394,356.7667239484234,40.7566,53.9708,5.5764,45.03784,6.966109766074597,35.8749,53.9708,18.0959,1.2951599999999956,41.11957,8.31341319930229,27.9618,53.9708,26.008999999999997,5.213429999999995,39.640295,7.734477185235023,27.9482,53.9708,26.022599999999997,6.692704999999997,42.05983588665623,26.8035,24.5978,-4.137499999999999,24.03008,3.698232415222154,18.4113,27.6718,9.2605,-1.3640800000000013,23.39099,4.676937392128403,16.4047,31.0092,14.604500000000002,-0.7249899999999982,21.853305,5.502128089966165,14.4466,31.0092,16.5626,0.8126950000000015,23.03312133634999,12.165525060596439,5.003946305945459,1
